id,url,observed_on,quality_grade,scientific_name,common_name,user_login,place_guess,annotation,flowers_present
334585470,https://www.inaturalist.org/observations/334585470,2023-04-29,research,Layia platyglossa,tidy tips,cairochris,"San Luis Obispo County, US-CA, US",Flowering,Yes
334179461,https://www.inaturalist.org/observations/334179461,2023-04-12,research,Layia platyglossa,tidy tips,kdisselhorst,"Shell Creek Rd, Shandon, CA, US",Flowering,Yes
331780487,https://www.inaturalist.org/observations/331780487,2025-12-23,research,Layia platyglossa,tidy tips,ikeikemori,"Prescott Ln, Huntington Beach, CA, US",Flowering,Yes
331634237,https://www.inaturalist.org/observations/331634237,2024-05-22,research,Layia platyglossa,tidy tips,cali-chortus138,"Kemp Spur Trail, Mount Laguna, CA, US",Flowering,Yes
329709984,https://www.inaturalist.org/observations/329709984,2025-12-06,research,Layia platyglossa,tidy tips,quercus91,"College of the Canyons, Santa Clarita, CA, US",Flowering,Yes
328706999,https://www.inaturalist.org/observations/328706999,2025-11-28,research,Layia platyglossa,tidy tips,asdirt,"Saddleback Ct, Thousand Oaks, CA, US",Flowering,Yes
327335892,https://www.inaturalist.org/observations/327335892,2025-05-26,research,Layia platyglossa,tidy tips,tammyreillyphipps,"Kemp Spur Trail, Mount Laguna, CA, US",Flowering,Yes
326269986,https://www.inaturalist.org/observations/326269986,2023-05-11,research,Layia platyglossa,tidy tips,zayd_andre,"Carrizo Plain National Monument, Santa Margarita, CA, US",Flowering,Yes
324468331,https://www.inaturalist.org/observations/324468331,2024-04-21,research,Layia platyglossa,tidy tips,naldonas,"Soda Lake Rd, Santa Margarita, CA, US",Flowering,Yes
324119687,https://www.inaturalist.org/observations/324119687,2024-04-09,research,Layia platyglossa,tidy tips,diabolicaldragon,"California, US",Flowering,Yes
323952458,https://www.inaturalist.org/observations/323952458,2023-04-20,research,Layia platyglossa,tidy tips,staffordcorey,"Phillips Rd, Laguna Beach, CA, US",Flowering,Yes
321247739,https://www.inaturalist.org/observations/321247739,2025-06-05,research,Layia platyglossa,tidy tips,alex_barone,"East Side Trail, Descanso, CA, US",Flowering,Yes
317173760,https://www.inaturalist.org/observations/317173760,2025-05-24,research,Layia platyglossa,tidy tips,carlaquimson,"Meadow Trailer Loop, Mount Laguna, CA, US",Flowering,Yes
314747891,https://www.inaturalist.org/observations/314747891,2025-06-10,research,Layia platyglossa,tidy tips,ikeikemori,"California, US",Flowering,Yes
306612681,https://www.inaturalist.org/observations/306612681,2025-08-15,research,Layia platyglossa,tidy tips,baconjam,"Tustin Legacy, Tustin, CA, USA",Flowering,Yes
306417131,https://www.inaturalist.org/observations/306417131,2025-05-22,research,Layia platyglossa,tidy tips,frankiecoburn,"Descanso, CA 91916, USA",Flowering,Yes
301302953,https://www.inaturalist.org/observations/301302953,2025-07-26,research,Layia platyglossa,tidy tips,jada-martinez,"Oak Glen Preserve, Yucaipa, CA, US",Flowering,Yes
301062679,https://www.inaturalist.org/observations/301062679,2025-07-21,research,Layia platyglossa,tidy tips,kevinbrandon,"Cambria, CA, USA",Flowering,Yes
300736692,https://www.inaturalist.org/observations/300736692,2025-07-24,research,Layia platyglossa,tidy tips,stieberandrea,"Overland Ave, Culver City, CA, US",Flowering,Yes
300613159,https://www.inaturalist.org/observations/300613159,2024-04-07,research,Layia platyglossa,tidy tips,birchtainer,"Soda Lake Rd, Santa Margarita, CA, US",Flowering,Yes
298504890,https://www.inaturalist.org/observations/298504890,2024-04-17,research,Layia platyglossa,tidy tips,bbaodaii,"San Luis Obispo County, CA, USA",Flowering,Yes
298504887,https://www.inaturalist.org/observations/298504887,2024-04-17,research,Layia platyglossa,tidy tips,bbaodaii,"San Luis Obispo County, CA, USA",Flowering,Yes
298336193,https://www.inaturalist.org/observations/298336193,2025-07-09,research,Layia platyglossa,tidy tips,fm88,"Fiscalini Ranch Bluff and Marine Terrace Trail, Cambria, CA, US",Flowering,Yes
296856786,https://www.inaturalist.org/observations/296856786,2025-07-08,research,Layia platyglossa,tidy tips,billhubick,"Cambria, CA, USA",Flowering,Yes
296675359,https://www.inaturalist.org/observations/296675359,2025-07-09,research,Layia platyglossa,tidy tips,swiley1731,"Fiscalini Ranch Bluff and Marine Terrace Trail, Cambria, CA, US",Flowering,Yes
296639309,https://www.inaturalist.org/observations/296639309,2025-05-03,research,Layia platyglossa,tidy tips,thistley_sager,"Santa Barbara County, CA, USA",Flowering,Yes
294589460,https://www.inaturalist.org/observations/294589460,2025-04-24,research,Layia platyglossa,tidy tips,mmoommin,"Goleta, CA, US",Flowering,Yes
293442133,https://www.inaturalist.org/observations/293442133,2025-06-14,research,Layia platyglossa,tidy tips,laurenaceae,"Main(soledad) Rd, CA, US",Flowering,Yes
293045598,https://www.inaturalist.org/observations/293045598,2025-06-26,research,Layia platyglossa,tidy tips,cyanocitta,"West Los Angeles College, Culver City, CA, US",Flowering,Yes
290941212,https://www.inaturalist.org/observations/290941212,2025-06-18,research,Layia platyglossa,tidy tips,khass,"Channel Islands National Park, CA, US",Flowering,Yes
290938820,https://www.inaturalist.org/observations/290938820,2025-05-07,research,Layia platyglossa,tidy tips,lindsayocal,"S Cloverdale Ave, Los Angeles, CA, US",Flowering,Yes
290802622,https://www.inaturalist.org/observations/290802622,2025-06-08,research,Layia platyglossa,tidy tips,botaniconn,"Cuyamaca Rancho State Park, Descanso, CA, US",Flowering,Yes
289356282,https://www.inaturalist.org/observations/289356282,2025-06-13,research,Layia platyglossa,tidy tips,kdada,"Cuish-Cuish East Mesa Cultural Preserve, Descanso, CA, US",Flowering,Yes
289114990,https://www.inaturalist.org/observations/289114990,2025-06-12,research,Layia platyglossa,tidy tips,desertjules,"Oak Glen Preserve, Yucaipa, CA, US",Flowering,Yes
289041462,https://www.inaturalist.org/observations/289041462,2025-06-12,research,Layia platyglossa,tidy tips,gail10,"Cleveland National Forest, Mount Laguna, CA, US",Flowering,Yes
287825996,https://www.inaturalist.org/observations/287825996,2025-05-31,research,Layia platyglossa,tidy tips,kduburguet,"East Side Trail, Descanso, CA, US",Flowering,Yes
287764543,https://www.inaturalist.org/observations/287764543,2025-04-10,research,Layia platyglossa,tidy tips,jimlight,"Diamond St, Redondo Beach, CA, US",Flowering,Yes
287151248,https://www.inaturalist.org/observations/287151248,2025-06-05,research,Layia platyglossa,tidy tips,naturenelson,"Ojai Meadows Preserve, Ojai, CA, US",Flowering,Yes
286871496,https://www.inaturalist.org/observations/286871496,2025-06-04,research,Layia platyglossa,tidy tips,jordancastinado,Camp Pendleton,Flowering,Yes
286703348,https://www.inaturalist.org/observations/286703348,2025-06-02,research,Layia platyglossa,tidy tips,wendy52,"Oak Glen Preserve, 39611 Oak Glen Rd, Yucaipa, CA 92399, USA",Flowering,Yes
286312392,https://www.inaturalist.org/observations/286312392,2025-06-01,research,Layia platyglossa,tidy tips,skylerk06,"San Luis Obispo, CA, US",Flowering,Yes
286311256,https://www.inaturalist.org/observations/286311256,2025-06-01,research,Layia platyglossa,tidy tips,skylerk06,"San Luis Obispo, CA, US",Flowering,Yes
286311129,https://www.inaturalist.org/observations/286311129,2025-06-01,research,Layia platyglossa,tidy tips,skylerk06,"San Luis Obispo, CA, US",Flowering,Yes
286307410,https://www.inaturalist.org/observations/286307410,2025-06-01,research,Layia platyglossa,tidy tips,skylerk06,"San Luis Obispo, CA, US",Flowering,Yes
286307093,https://www.inaturalist.org/observations/286307093,2025-06-01,research,Layia platyglossa,tidy tips,skylerk06,"San Luis Obispo, CA, US",Flowering,Yes
286136450,https://www.inaturalist.org/observations/286136450,2025-06-01,research,Layia platyglossa,tidy tips,alex_cicindela_guy,"Los Padres National Forest, Los Olivos, CA, US",Flowering,Yes
285803441,https://www.inaturalist.org/observations/285803441,2025-05-31,research,Layia platyglossa,tidy tips,staffordcorey,"Fiscalini Ranch Arch Trail, Cambria, CA, US",Flowering,Yes
285794046,https://www.inaturalist.org/observations/285794046,2025-05-31,research,Layia platyglossa,tidy tips,drjanetfranklin,"Cleveland National Forest, Mount Laguna, CA, US",Flowering,Yes
285791736,https://www.inaturalist.org/observations/285791736,2025-05-31,research,Layia platyglossa,tidy tips,hikingsandiego,"San Diego County, Cleveland National Forest, US-CA, US",Flowering,Yes
285757292,https://www.inaturalist.org/observations/285757292,2025-05-31,research,Layia platyglossa,tidy tips,popeyecatalufa,"Descanso, CA 91916, USA",Flowering,Yes
285361169,https://www.inaturalist.org/observations/285361169,2025-05-30,research,Layia platyglossa,tidy tips,oldranger,"San Diego County, US-CA, US",Flowering,Yes
285261922,https://www.inaturalist.org/observations/285261922,2025-05-24,research,Layia platyglossa,tidy tips,thesafarihiker,"Meadow Trailer Loop, Mount Laguna, CA, US",Flowering,Yes
285261468,https://www.inaturalist.org/observations/285261468,2025-05-24,research,Layia platyglossa,tidy tips,thesafarihiker,"Meadow Trailer Loop, Mount Laguna, CA, US",Flowering,Yes
285004949,https://www.inaturalist.org/observations/285004949,2025-04-28,research,Layia platyglossa,tidy tips,lizzybeth5,"San Luis Obispo, CA 93401, USA",Flowering,Yes
284994448,https://www.inaturalist.org/observations/284994448,2021-04-10,research,Layia platyglossa,tidy tips,serpophaga,"Shell Creek Rd, Shandon, CA, US",Flowering,Yes
284992126,https://www.inaturalist.org/observations/284992126,2025-05-24,research,Layia platyglossa,tidy tips,christopher_berry,"Santa Barbara County, CA, USA",Flowering,Yes
284817450,https://www.inaturalist.org/observations/284817450,2025-05-28,research,Layia platyglossa,tidy tips,califarmgirl,"Magdalena Ln, Mission Viejo, CA, US",Flowering,Yes
284723612,https://www.inaturalist.org/observations/284723612,2025-05-20,research,Layia platyglossa,tidy tips,nutsaboutkitties,"La Cañada Flintridge, CA, US",Flowering,Yes
284460619,https://www.inaturalist.org/observations/284460619,2025-05-25,research,Layia platyglossa,tidy tips,jimirob1,"San Diego County, CA, USA",Flowering,Yes
284445597,https://www.inaturalist.org/observations/284445597,2025-05-26,research,Layia platyglossa,tidy tips,sphuemmer,"Cuyamaca Rancho State Park, Descanso, CA, US",Flowering,Yes
284407620,https://www.inaturalist.org/observations/284407620,2025-05-26,research,Layia platyglossa,tidy tips,havocpigeon,"Harvey Moore Trail, Descanso, CA, US",Flowering,Yes
284377605,https://www.inaturalist.org/observations/284377605,2025-05-26,research,Layia platyglossa,tidy tips,havocpigeon,"East Side Trail, Descanso, CA, US",Flowering,Yes
284377542,https://www.inaturalist.org/observations/284377542,2025-05-26,research,Layia platyglossa,tidy tips,havocpigeon,"East Side Trail, Descanso, CA, US",Flowering,Yes
284377504,https://www.inaturalist.org/observations/284377504,2025-05-26,research,Layia platyglossa,tidy tips,havocpigeon,"East Side Trail, Descanso, CA, US",Flowering,Yes
284377402,https://www.inaturalist.org/observations/284377402,2025-05-26,research,Layia platyglossa,tidy tips,havocpigeon,"East Side Trail, Descanso, CA, US",Flowering,Yes
284377336,https://www.inaturalist.org/observations/284377336,2025-05-26,research,Layia platyglossa,tidy tips,havocpigeon,"East Side Trail, Descanso, CA, US",Flowering,Yes
284375726,https://www.inaturalist.org/observations/284375726,2025-05-26,research,Layia platyglossa,tidy tips,havocpigeon,"East Side Trail, Descanso, CA, US",Flowering,Yes
284173174,https://www.inaturalist.org/observations/284173174,2025-05-10,research,Layia platyglossa,tidy tips,calendrinia,"Mission Canyon Rd, Santa Barbara, CA, US",Flowering,Yes
284124054,https://www.inaturalist.org/observations/284124054,2025-05-25,research,Layia platyglossa,tidy tips,hinterlands,"Camino del Sol Trail, Yucaipa, CA, US",Flowering,Yes
283813369,https://www.inaturalist.org/observations/283813369,2025-05-24,research,Layia platyglossa,tidy tips,darrensmith,"Cuyamaca Rancho State Park, Descanso, CA, US",Flowering,Yes
283809957,https://www.inaturalist.org/observations/283809957,2025-05-24,research,Layia platyglossa,tidy tips,jessika55,"San Bernardino County, US-CA, US",Flowering,Yes
283600103,https://www.inaturalist.org/observations/283600103,2025-05-20,research,Layia platyglossa,tidy tips,zombie_botani,"Jefferson, CA, USA",Flowering,Yes
283554641,https://www.inaturalist.org/observations/283554641,2025-05-20,research,Layia platyglossa,tidy tips,thewildone,"East Side Trail, Descanso, CA, US",Flowering,Yes
283493842,https://www.inaturalist.org/observations/283493842,2025-05-23,research,Layia platyglossa,tidy tips,efmer,"San Diego County, CA, USA",Flowering,Yes
283461106,https://www.inaturalist.org/observations/283461106,2025-05-23,research,Layia platyglossa,tidy tips,cyanocitta,"West Los Angeles College, Culver City, CA, US",Flowering,Yes
283440604,https://www.inaturalist.org/observations/283440604,2025-05-05,research,Layia platyglossa,tidy tips,thistley_sager,"Santa Barbara County, CA, USA",Flowering,Yes
283432376,https://www.inaturalist.org/observations/283432376,2025-05-23,research,Layia platyglossa,tidy tips,kevin140,"Oak Glen, CA 92399, USA",Flowering,Yes
283301109,https://www.inaturalist.org/observations/283301109,2025-05-22,research,Layia platyglossa,tidy tips,silversea_starsong,"San Diego County, Cleveland National Forest, US-CA, US",Flowering,Yes
283237823,https://www.inaturalist.org/observations/283237823,2025-05-19,research,Layia platyglossa,tidy tips,hgutknecht,"Cleveland National Forest, Mount Laguna, CA, US",Flowering,Yes
283207592,https://www.inaturalist.org/observations/283207592,2025-05-18,research,Layia platyglossa,tidy tips,leafdoodler,"Main(soledad) Rd, CA, US",Flowering,Yes
283071615,https://www.inaturalist.org/observations/283071615,2025-05-19,research,Layia platyglossa,tidy tips,klyle161,"Mt Laguna, CA 91948, USA",Flowering,Yes
282689667,https://www.inaturalist.org/observations/282689667,2025-05-20,research,Layia platyglossa,tidy tips,finnnewman,"E Terrace St, Altadena, CA, US",Flowering,Yes
282566446,https://www.inaturalist.org/observations/282566446,2025-05-19,research,Layia platyglossa,tidy tips,pavelbykau,"Cuyamaca Rancho State Park, Descanso, CA, US",Flowering,Yes
282280625,https://www.inaturalist.org/observations/282280625,2025-05-18,research,Layia platyglossa,tidy tips,thebigonethatgotaway,"Skyline Drive, Descanso, CA, US",Flowering,Yes
282062933,https://www.inaturalist.org/observations/282062933,2025-05-17,research,Layia platyglossa,tidy tips,banannahfish,"S Clevenger Canyon Trail, San Diego, CA, US",Flowering,Yes
281621554,https://www.inaturalist.org/observations/281621554,2025-04-28,research,Layia platyglossa,tidy tips,thistley_sager,"Santa Barbara County, CA, USA",Flowering,Yes
281621541,https://www.inaturalist.org/observations/281621541,2025-04-28,research,Layia platyglossa,tidy tips,thistley_sager,"Santa Barbara County, CA, USA",Flowering,Yes
281621498,https://www.inaturalist.org/observations/281621498,2025-04-28,research,Layia platyglossa,tidy tips,thistley_sager,"Santa Barbara County, CA, USA",Flowering,Yes
281621477,https://www.inaturalist.org/observations/281621477,2025-04-28,research,Layia platyglossa,tidy tips,thistley_sager,"Santa Barbara County, CA, USA",Flowering,Yes
281573146,https://www.inaturalist.org/observations/281573146,2025-05-16,research,Layia platyglossa,tidy tips,japplebm22,"San Dieguito River Park, Ramona, CA, US",Flowering,Yes
281359443,https://www.inaturalist.org/observations/281359443,2025-05-15,research,Layia platyglossa,tidy tips,palomarbeth,"Forest Service Road 12504, Ramona, CA, US",Flowering,Yes
281173479,https://www.inaturalist.org/observations/281173479,2025-04-04,research,Layia platyglossa,tidy tips,entomologistatheart,"Market St & Denby St, San Diego, CA 92102, USA",Flowering,Yes
281161337,https://www.inaturalist.org/observations/281161337,2025-04-26,research,Layia platyglossa,tidy tips,thistley_sager,"Santa Barbara County, CA, USA",Flowering,Yes
281143558,https://www.inaturalist.org/observations/281143558,2025-05-14,research,Layia platyglossa,tidy tips,naturenelson,"N Fifth St, Oxnard, CA, US",Flowering,Yes
281103981,https://www.inaturalist.org/observations/281103981,2025-04-27,research,Layia platyglossa,tidy tips,kyle22,"San Luis Obispo County, CA, USA",Flowering,Yes
281096794,https://www.inaturalist.org/observations/281096794,2025-05-14,research,Layia platyglossa,tidy tips,silversea_starsong,"S Coast Hwy, Laguna Beach, CA, US",Flowering,Yes
280929666,https://www.inaturalist.org/observations/280929666,2025-05-13,research,Layia platyglossa,tidy tips,nutsaboutkitties,"La Cañada Flintridge, CA, US",Flowering,Yes
280712099,https://www.inaturalist.org/observations/280712099,2025-05-12,research,Layia platyglossa,tidy tips,smallnslimy,"Santa Barbara, CA 93105, USA",Flowering,Yes
280680241,https://www.inaturalist.org/observations/280680241,2025-05-12,research,Layia platyglossa,tidy tips,kgbremner,"Topanga State Park, Los Angeles, CA, US",Flowering,Yes
280434112,https://www.inaturalist.org/observations/280434112,2025-04-25,research,Layia platyglossa,tidy tips,benewing,"Huntington Beach, CA 92649, USA",Flowering,Yes
280364911,https://www.inaturalist.org/observations/280364911,2025-05-10,research,Layia platyglossa,tidy tips,benewing,"Julian, CA 92036, USA",Flowering,Yes
280319572,https://www.inaturalist.org/observations/280319572,2025-05-06,research,Layia platyglossa,tidy tips,pietermier,"Los Padres National Forest, Ojai, CA, US",Flowering,Yes
280014246,https://www.inaturalist.org/observations/280014246,2025-05-10,research,Layia platyglossa,tidy tips,larkspur514,"San Luis Obispo, CA, US",Flowering,Yes
279965026,https://www.inaturalist.org/observations/279965026,2025-05-10,research,Layia platyglossa,tidy tips,greyfin,"Los Angeles County, US-CA, US",Flowering,Yes
279963262,https://www.inaturalist.org/observations/279963262,2025-05-02,research,Layia platyglossa,tidy tips,monkeysee,"Dulzura, CA 91917, USA",Flowering,Yes
279883851,https://www.inaturalist.org/observations/279883851,2025-05-09,research,Layia platyglossa,tidy tips,klyle161,"Mt Laguna, CA 91948, USA",Flowering,Yes
279796929,https://www.inaturalist.org/observations/279796929,2025-05-09,research,Layia platyglossa,tidy tips,dgrimmphd,"Cambria, CA, USA",Flowering,Yes
279796025,https://www.inaturalist.org/observations/279796025,2025-05-09,research,Layia platyglossa,tidy tips,dgrimmphd,"Cambria, CA, USA",Flowering,Yes
279795165,https://www.inaturalist.org/observations/279795165,2025-05-09,research,Layia platyglossa,tidy tips,dgrimmphd,"Cambria, CA, USA",Flowering,Yes
279545260,https://www.inaturalist.org/observations/279545260,2025-05-07,research,Layia platyglossa,tidy tips,nathantay,"Mission Trails Regional Park, San Diego, CA, US",Flowering,Yes
279391140,https://www.inaturalist.org/observations/279391140,2025-05-07,research,Layia platyglossa,tidy tips,olddogdan,"San Dieguito River Park, Ramona, CA, US",Flowering,Yes
279319016,https://www.inaturalist.org/observations/279319016,2025-05-07,research,Layia platyglossa,tidy tips,mesteve,"Julian, CA 92036, USA",Flowering,Yes
279318498,https://www.inaturalist.org/observations/279318498,2025-05-07,research,Layia platyglossa,tidy tips,robertanau,"Julian, CA 92036, USA",Flowering,Yes
279299612,https://www.inaturalist.org/observations/279299612,2025-05-07,research,Layia platyglossa,tidy tips,emilybaltz,"Descanso, CA 91916, USA",Flowering,Yes
279294133,https://www.inaturalist.org/observations/279294133,2025-05-07,research,Layia platyglossa,tidy tips,dgrimmphd,"Cambria, CA, USA",Flowering,Yes
279280637,https://www.inaturalist.org/observations/279280637,2025-05-07,research,Layia platyglossa,tidy tips,dgrimmphd,"Cambria, CA, USA",Flowering,Yes
279280352,https://www.inaturalist.org/observations/279280352,2025-05-07,research,Layia platyglossa,tidy tips,dgrimmphd,"Cambria, CA, USA",Flowering,Yes
279125848,https://www.inaturalist.org/observations/279125848,2025-05-06,research,Layia platyglossa,tidy tips,dgrimmphd,"Cambria, CA 93428, USA",Flowering,Yes
279124609,https://www.inaturalist.org/observations/279124609,2025-05-06,research,Layia platyglossa,tidy tips,dgrimmphd,"Cambria, CA 93428, USA",Flowering,Yes
279083728,https://www.inaturalist.org/observations/279083728,2025-05-03,research,Layia platyglossa,tidy tips,michaelheine,"Santa Margarita, CA, US",Flowering,Yes
279004142,https://www.inaturalist.org/observations/279004142,2025-05-06,research,Layia platyglossa,tidy tips,smdb21,San Diego,Flowering,Yes
278622836,https://www.inaturalist.org/observations/278622836,2025-05-04,research,Layia platyglossa,tidy tips,salvmell,"Hill and Canyon Area, Anaheim, CA, US",Flowering,Yes
278570676,https://www.inaturalist.org/observations/278570676,2025-05-04,research,Layia platyglossa,tidy tips,ocmelissa,"Anaheim, CA 92808, USA",Flowering,Yes
278558128,https://www.inaturalist.org/observations/278558128,2025-05-04,research,Layia platyglossa,tidy tips,helenpayne,"Shell Creek Rd, Shandon, CA, US",Flowering,Yes
278539824,https://www.inaturalist.org/observations/278539824,2025-05-04,research,Layia platyglossa,tidy tips,ronvanderhoff,"Hill and Canyon Area, Anaheim, CA, US",Flowering,Yes
278503291,https://www.inaturalist.org/observations/278503291,2025-04-30,research,Layia platyglossa,tidy tips,blimblambear,"Channel Islands National Park, CA, US",Flowering,Yes
278476478,https://www.inaturalist.org/observations/278476478,2025-04-29,research,Layia platyglossa,tidy tips,meljean,"Los Angeles County, US-CA, US",Flowering,Yes
278419784,https://www.inaturalist.org/observations/278419784,2025-05-04,research,Layia platyglossa,tidy tips,dbirdseed,"Angelus Pl, Los Angeles, CA, US",Flowering,Yes
278301691,https://www.inaturalist.org/observations/278301691,2025-05-03,research,Layia platyglossa,tidy tips,janetkahng,"Lower Clamshell Truck, Monrovia, CA, US",Flowering,Yes
278280080,https://www.inaturalist.org/observations/278280080,2025-04-20,research,Layia platyglossa,tidy tips,tmvan1,"Orange County, CA, USA",Flowering,Yes
278272117,https://www.inaturalist.org/observations/278272117,2025-05-03,research,Layia platyglossa,tidy tips,laurafalk,"Los Padres National Forest, Maricopa, CA, US",Flowering,Yes
278248011,https://www.inaturalist.org/observations/278248011,2025-04-28,research,Layia platyglossa,tidy tips,alanking,"San Pasqual Valley, San Diego, CA, USA",Flowering,Yes
278205520,https://www.inaturalist.org/observations/278205520,2025-05-03,research,Layia platyglossa,tidy tips,mhrains,"Cleveland National Forest, Alpine, CA, US",Flowering,Yes
278148986,https://www.inaturalist.org/observations/278148986,2025-05-03,research,Layia platyglossa,tidy tips,elysevanbebber,"S Barrington Ave, Los Angeles, CA, US",Flowering,Yes
277887352,https://www.inaturalist.org/observations/277887352,2025-04-30,research,Layia platyglossa,tidy tips,jimpark67,"El Cajon, CA, US",Flowering,Yes
277825159,https://www.inaturalist.org/observations/277825159,2025-04-23,research,Layia platyglossa,tidy tips,jordanwaits,"Campo Rd, Potrero, CA, US",Flowering,Yes
277799923,https://www.inaturalist.org/observations/277799923,2025-05-02,research,Layia platyglossa,tidy tips,claggie,Cambria,Flowering,Yes
277757808,https://www.inaturalist.org/observations/277757808,2025-05-01,research,Layia platyglossa,tidy tips,snakeinmypocket,"Scripps Ranch, San Diego, CA, USA",Flowering,Yes
277603419,https://www.inaturalist.org/observations/277603419,2025-04-28,research,Layia platyglossa,tidy tips,hufflite,"Santa Barbara County, CA, USA",Flowering,Yes
277587460,https://www.inaturalist.org/observations/277587460,2025-05-01,research,Layia platyglossa,tidy tips,jim_roberts,"Miramar, San Diego, CA, USA",Flowering,Yes
277573695,https://www.inaturalist.org/observations/277573695,2025-04-28,research,Layia platyglossa,tidy tips,beetle_mch,"Yucaipa, CA, USA",Flowering,Yes
277560209,https://www.inaturalist.org/observations/277560209,2025-05-01,research,Layia platyglossa,tidy tips,danielleparsons,"Dulzura, CA, US",Flowering,Yes
277397190,https://www.inaturalist.org/observations/277397190,2025-04-30,research,Layia platyglossa,tidy tips,packardr90,"Riverside County, CA, USA",Flowering,Yes
277389980,https://www.inaturalist.org/observations/277389980,2025-05-01,research,Layia platyglossa,tidy tips,jayseasea,Oceanside,Flowering,Yes
277229101,https://www.inaturalist.org/observations/277229101,2025-04-28,research,Layia platyglossa,tidy tips,hufflite,"Santa Barbara County, CA, USA",Flowering,Yes
277224512,https://www.inaturalist.org/observations/277224512,2025-04-28,research,Layia platyglossa,tidy tips,hufflite,"Santa Barbara County, CA, USA",Flowering,Yes
277223935,https://www.inaturalist.org/observations/277223935,2025-04-28,research,Layia platyglossa,tidy tips,hufflite,"Santa Barbara County, CA, USA",Flowering,Yes
277176197,https://www.inaturalist.org/observations/277176197,2025-04-30,research,Layia platyglossa,tidy tips,jeh1030,"Escondido, CA 92027, USA",Flowering,Yes
277039512,https://www.inaturalist.org/observations/277039512,2025-04-30,research,Layia platyglossa,tidy tips,cicipp,"Golden West-Ent Huntington Beach, Huntington Beach, CA 92647, USA",Flowering,Yes
277036992,https://www.inaturalist.org/observations/277036992,2025-04-27,research,Layia platyglossa,tidy tips,ikeikemori,"Huntington Central Park, Huntington Beach, CA, US",Flowering,Yes
277036639,https://www.inaturalist.org/observations/277036639,2025-04-28,research,Layia platyglossa,tidy tips,ikeikemori,"Bolsa Chica Ecological Reserve, Huntington Beach, CA, US",Flowering,Yes
277005161,https://www.inaturalist.org/observations/277005161,2025-04-25,research,Layia platyglossa,tidy tips,geekswife,"Bostonia, CA, USA",Flowering,Yes
277005148,https://www.inaturalist.org/observations/277005148,2025-04-25,research,Layia platyglossa,tidy tips,geekswife,"Bostonia, CA, USA",Flowering,Yes
277005013,https://www.inaturalist.org/observations/277005013,2025-04-28,research,Layia platyglossa,tidy tips,geekswife,"Bostonia, CA, USA",Flowering,Yes
276901921,https://www.inaturalist.org/observations/276901921,2025-04-27,research,Layia platyglossa,tidy tips,david99,"Riverside County, CA, USA",Flowering,Yes
276664973,https://www.inaturalist.org/observations/276664973,2025-04-29,research,Layia platyglossa,tidy tips,kaleyanncarson,Los Angeles,Flowering,Yes
276508299,https://www.inaturalist.org/observations/276508299,2025-04-25,research,Layia platyglossa,tidy tips,botaniconn,"Mission Trails Regional Park, San Diego, CA, US",Flowering,Yes
276504759,https://www.inaturalist.org/observations/276504759,2025-04-24,research,Layia platyglossa,tidy tips,botaniconn,"Lakeside, CA, US",Flowering,Yes
276336025,https://www.inaturalist.org/observations/276336025,2025-04-28,research,Layia platyglossa,tidy tips,rittermt1,"Lower Arroyo Park Area, Pasadena, CA, US",Flowering,Yes
276080418,https://www.inaturalist.org/observations/276080418,2025-04-28,research,Layia platyglossa,tidy tips,christopherbrown2,"Campo, CA 91906, USA",Flowering,Yes
275992316,https://www.inaturalist.org/observations/275992316,2025-04-28,research,Layia platyglossa,tidy tips,bear_ridge,"New Cuyama, CA, US",Flowering,Yes
275367624,https://www.inaturalist.org/observations/275367624,2025-04-27,research,Layia platyglossa,tidy tips,devin_vu,"Bolsa Chica Ecological Reserve, Huntington Beach, CA, US",Flowering,Yes
275365888,https://www.inaturalist.org/observations/275365888,2025-04-26,research,Layia platyglossa,tidy tips,chasgeorge,"Fiscalini Ranch Preserve, Cambria, CA, US",Flowering,Yes
275356229,https://www.inaturalist.org/observations/275356229,2025-04-27,research,Layia platyglossa,tidy tips,fraskar,"San Diego County, CA, USA",Flowering,Yes
275334394,https://www.inaturalist.org/observations/275334394,2025-04-27,research,Layia platyglossa,tidy tips,david99,"Riverside County, CA, USA",Flowering,Yes
275230642,https://www.inaturalist.org/observations/275230642,2025-04-27,research,Layia platyglossa,tidy tips,rachaelmposton,"Figueroa Mountain Rd, Los Olivos, CA, US",Flowering,Yes
275193252,https://www.inaturalist.org/observations/275193252,2025-04-27,research,Layia platyglossa,tidy tips,insectifying,"Sweetwater River Trail, Spring Valley, CA, US",Flowering,Yes
275192654,https://www.inaturalist.org/observations/275192654,2025-04-25,research,Layia platyglossa,tidy tips,joedecruyenaere,"Santa Barbara County, CA, USA",Flowering,Yes
275137881,https://www.inaturalist.org/observations/275137881,2025-04-27,research,Layia platyglossa,tidy tips,chiemi3,"Lower Arroyo Park Area, Pasadena, CA, US",Flowering,Yes
275025101,https://www.inaturalist.org/observations/275025101,2025-04-27,research,Layia platyglossa,tidy tips,gardenan,"Fiscalini Ranch Bluff and Marine Terrace Trail, Cambria, CA, US",Flowering,Yes
275010376,https://www.inaturalist.org/observations/275010376,2025-04-27,research,Layia platyglossa,tidy tips,lorilarge,"Corte Segundo, Oceanside, CA, US",Flowering,Yes
274727185,https://www.inaturalist.org/observations/274727185,2025-04-27,research,Layia platyglossa,tidy tips,christophermayhew,"Carnegie Ln, Redondo Beach, CA, US",Flowering,Yes
274438414,https://www.inaturalist.org/observations/274438414,2025-04-26,research,Layia platyglossa,tidy tips,biodiversian,"Campo Rd, Dulzura, CA, US",Flowering,Yes
274422161,https://www.inaturalist.org/observations/274422161,2025-04-26,research,Layia platyglossa,tidy tips,dasco,"San Dieguito River Park, Ramona, CA, US",Flowering,Yes
274302001,https://www.inaturalist.org/observations/274302001,2025-04-25,research,Layia platyglossa,tidy tips,efmer,"San Diego County, CA, USA",Flowering,Yes
274273939,https://www.inaturalist.org/observations/274273939,2025-04-26,research,Layia platyglossa,tidy tips,mike-butler,"Upper Lopez Canyon Road, Arroyo Grande, CA, US",Flowering,Yes
274224807,https://www.inaturalist.org/observations/274224807,2025-04-10,research,Layia platyglossa,tidy tips,ricknyc627,"Orange County, CA, USA",Flowering,Yes
274021396,https://www.inaturalist.org/observations/274021396,2025-04-26,research,Layia platyglossa,tidy tips,gallimimus,"Hollywood Blvd, Los Angeles, CA, US",Flowering,Yes
274012902,https://www.inaturalist.org/observations/274012902,2025-04-26,research,Layia platyglossa,tidy tips,mountainsong,"Father Junipero Serra Trail, San Diego, CA, US",Flowering,Yes
273971064,https://www.inaturalist.org/observations/273971064,2025-04-25,research,Layia platyglossa,tidy tips,nutsaboutkitties,"La Cañada Flintridge, CA, US",Flowering,Yes
273556060,https://www.inaturalist.org/observations/273556060,2025-04-10,research,Layia platyglossa,tidy tips,mathewkakish,"HUNTINGTN BCH, CA 92649, USA",Flowering,Yes
273544627,https://www.inaturalist.org/observations/273544627,2025-04-24,research,Layia platyglossa,tidy tips,ghrosenberg,"Arrow Bear Trail, Santa Margarita, CA, US",Flowering,Yes
273544544,https://www.inaturalist.org/observations/273544544,2025-04-25,research,Layia platyglossa,tidy tips,blake911,"Los Angeles County, CA, USA",Flowering,Yes
273542806,https://www.inaturalist.org/observations/273542806,2025-04-25,research,Layia platyglossa,tidy tips,triplejranch,"Duna Vista Loop Trail, California 93420, USA",Flowering,Yes
273530554,https://www.inaturalist.org/observations/273530554,2025-04-25,research,Layia platyglossa,tidy tips,chemartin,"Oak Glen Rd, Yucaipa, CA, US",Flowering,Yes
273509250,https://www.inaturalist.org/observations/273509250,2025-04-22,research,Layia platyglossa,tidy tips,gtsueng,"San Diego, CA 92119, USA",Flowering,Yes
273477733,https://www.inaturalist.org/observations/273477733,2025-04-25,research,Layia platyglossa,tidy tips,zwongvan,"Los Padres National Forest, Los Olivos, CA, US",Flowering,Yes
273421372,https://www.inaturalist.org/observations/273421372,2025-04-25,research,Layia platyglossa,tidy tips,fouquieria,"San Diego, CA, US",Flowering,Yes
273194467,https://www.inaturalist.org/observations/273194467,2025-04-25,research,Layia platyglossa,tidy tips,achininat,"Ramona, CA 92065, USA",Flowering,Yes
273188846,https://www.inaturalist.org/observations/273188846,2025-04-22,research,Layia platyglossa,tidy tips,johnmartin,"Dulzura, CA, US",Flowering,Yes
272855950,https://www.inaturalist.org/observations/272855950,2025-04-24,research,Layia platyglossa,tidy tips,asleepias,"California, US",Flowering,Yes
272851344,https://www.inaturalist.org/observations/272851344,2025-04-10,research,Layia platyglossa,tidy tips,jhannag,"Bolsa Chica Ecological Reserve, Huntington Beach, CA, US",Flowering,Yes
272804947,https://www.inaturalist.org/observations/272804947,2025-04-24,research,Layia platyglossa,tidy tips,socal_angling,"Ojai, CA, US",Flowering,Yes
272603224,https://www.inaturalist.org/observations/272603224,2025-04-23,research,Layia platyglossa,tidy tips,anewfeather,"CA-52 E, San Diego, CA, US",Flowering,Yes
272583412,https://www.inaturalist.org/observations/272583412,2025-04-23,research,Layia platyglossa,tidy tips,keshdslayer,"Santa Ana Rd, Ventura, CA, US",Flowering,Yes
272558785,https://www.inaturalist.org/observations/272558785,2025-04-23,research,Layia platyglossa,tidy tips,ddonovan17,"Poway, CA, USA",Flowering,Yes
272548395,https://www.inaturalist.org/observations/272548395,2025-04-23,research,Layia platyglossa,tidy tips,jrebman,"San Pasqual, Poway, CA, US",Flowering,Yes
272525551,https://www.inaturalist.org/observations/272525551,2025-04-19,research,Layia platyglossa,tidy tips,itazura,"Bonelli Bluffs RV Resort & Campground, San Dimas, CA, US",Flowering,Yes
272520015,https://www.inaturalist.org/observations/272520015,2025-04-23,research,Layia platyglossa,tidy tips,askeena,"Emery Ln, Tecate, CA, US",Flowering,Yes
272374200,https://www.inaturalist.org/observations/272374200,2025-04-22,research,Layia platyglossa,tidy tips,bonegardens,"Sichel St, Los Angeles, CA, US",Flowering,Yes
272302648,https://www.inaturalist.org/observations/272302648,2025-04-22,research,Layia platyglossa,tidy tips,gary1015,"Fiscalini Ranch Preserve, Cambria, CA, US",Flowering,Yes
272292988,https://www.inaturalist.org/observations/272292988,2025-04-22,research,Layia platyglossa,tidy tips,heso23,"Channel Islands National Park, CA, US",Flowering,Yes
272252045,https://www.inaturalist.org/observations/272252045,2025-04-21,research,Layia platyglossa,tidy tips,lilabethscott,"Old Ranch Rd, Oceanside, CA, US",Flowering,Yes
272217342,https://www.inaturalist.org/observations/272217342,2025-04-22,research,Layia platyglossa,tidy tips,sagevinje,"Lakeside, CA, US",Flowering,Yes
272217084,https://www.inaturalist.org/observations/272217084,2025-04-22,research,Layia platyglossa,tidy tips,har10per,"Green Valley Truck Trail, Poway, CA, US",Flowering,Yes
272131853,https://www.inaturalist.org/observations/272131853,2025-04-21,research,Layia platyglossa,tidy tips,heso23,"Channel Islands National Park, CA, US",Flowering,Yes
272096129,https://www.inaturalist.org/observations/272096129,2025-04-20,research,Layia platyglossa,tidy tips,gretchen2,"Santa Barbara County, US-CA, US",Flowering,Yes
272045508,https://www.inaturalist.org/observations/272045508,2025-04-21,research,Layia platyglossa,tidy tips,frankly35,"Cambria, CA, USA",Flowering,Yes
271995398,https://www.inaturalist.org/observations/271995398,2025-04-20,research,Layia platyglossa,tidy tips,smisek_a,"Ramona, CA 92065, USA",Flowering,Yes
271989937,https://www.inaturalist.org/observations/271989937,2025-04-20,research,Layia platyglossa,tidy tips,kylephyte,"Los Angeles County, CA, USA",Flowering,Yes
271886683,https://www.inaturalist.org/observations/271886683,2025-04-16,research,Layia platyglossa,tidy tips,seastarya,"W Washington Blvd, Culver City, CA, US",Flowering,Yes
271824664,https://www.inaturalist.org/observations/271824664,2025-04-20,research,Layia platyglossa,tidy tips,gracehayes,"San Luis Obispo, CA, US",Flowering,Yes
271741038,https://www.inaturalist.org/observations/271741038,2025-04-11,research,Layia platyglossa,tidy tips,dianah10,"Old Town, San Diego, CA, USA",Flowering,Yes
271694645,https://www.inaturalist.org/observations/271694645,2025-04-02,research,Layia platyglossa,tidy tips,jhigbie,"San Luis Obispo, CA 93401, USA",Flowering,Yes
271606218,https://www.inaturalist.org/observations/271606218,2023-04-09,research,Layia platyglossa,tidy tips,fanny4nature06,"Hemet, CA, US",Flowering,Yes
271600179,https://www.inaturalist.org/observations/271600179,2025-04-19,research,Layia platyglossa,tidy tips,klicklo,"Scarab Fire Rd, Simi Valley, CA, US",Flowering,Yes
271564647,https://www.inaturalist.org/observations/271564647,2025-04-16,research,Layia platyglossa,tidy tips,david48064,"San Diego, CA, US",Flowering,Yes
271362414,https://www.inaturalist.org/observations/271362414,2025-04-18,research,Layia platyglossa,tidy tips,betagamma,"San Luis Obispo, CA, US",Flowering,Yes
271339881,https://www.inaturalist.org/observations/271339881,2025-04-18,research,Layia platyglossa,tidy tips,thaosy,San Diego,Flowering,Yes
271326992,https://www.inaturalist.org/observations/271326992,2025-04-15,research,Layia platyglossa,tidy tips,sulavanderplank,"San Clemente Island Underwater Range, CA, US",Flowering,Yes
271326942,https://www.inaturalist.org/observations/271326942,2025-04-15,research,Layia platyglossa,tidy tips,sulavanderplank,"San Clemente Island Underwater Range, CA, US",Flowering,Yes
271323340,https://www.inaturalist.org/observations/271323340,2025-04-06,research,Layia platyglossa,tidy tips,vsherman,"University of Redlands, Redlands, CA, US",Flowering,Yes
271154048,https://www.inaturalist.org/observations/271154048,2025-04-10,research,Layia platyglossa,tidy tips,katelyn_beck,"Bolsa Chica Ecological Reserve, Huntington Beach, CA, US",Flowering,Yes
271140754,https://www.inaturalist.org/observations/271140754,2025-04-15,research,Layia platyglossa,tidy tips,michelledone,San Diego,Flowering,Yes
270943900,https://www.inaturalist.org/observations/270943900,2025-04-16,research,Layia platyglossa,tidy tips,derekstakelum,"San Diego, CA 92122, USA",Flowering,Yes
270925654,https://www.inaturalist.org/observations/270925654,2025-04-15,research,Layia platyglossa,tidy tips,jrebman,"Los Angeles County, US-CA, US",Flowering,Yes
270925434,https://www.inaturalist.org/observations/270925434,2025-04-15,research,Layia platyglossa,tidy tips,jrebman,"Los Angeles County, US-CA, US",Flowering,Yes
270921093,https://www.inaturalist.org/observations/270921093,2025-04-16,research,Layia platyglossa,tidy tips,msenour,"San Clemente Island Underwater Range, CA, US",Flowering,Yes
270876735,https://www.inaturalist.org/observations/270876735,2025-04-16,research,Layia platyglossa,tidy tips,chriselj,"Silverado, CA, US",Flowering,Yes
270841467,https://www.inaturalist.org/observations/270841467,2025-04-15,research,Layia platyglossa,tidy tips,starcloud,"Fiscalini Ranch Preserve, Cambria, CA, US",Flowering,Yes
270834953,https://www.inaturalist.org/observations/270834953,2025-04-14,research,Layia platyglossa,tidy tips,kattaileen,"Los Angeles County, CA, USA",Flowering,Yes
270762724,https://www.inaturalist.org/observations/270762724,2025-04-15,research,Layia platyglossa,tidy tips,jackiebaum,"Chino Hills, CA 91709, USA",Flowering,Yes
270756057,https://www.inaturalist.org/observations/270756057,2025-04-11,research,Layia platyglossa,tidy tips,aheyman1,"CA-46, Shandon, CA, US",Flowering,Yes
270738083,https://www.inaturalist.org/observations/270738083,2025-04-15,research,Layia platyglossa,tidy tips,anar1,San Diego,Flowering,Yes
270714437,https://www.inaturalist.org/observations/270714437,2025-04-15,research,Layia platyglossa,tidy tips,jrcowles,"Anaheim, CA 92808, USA",Flowering,Yes
270708273,https://www.inaturalist.org/observations/270708273,2025-04-14,research,Layia platyglossa,tidy tips,biggermatt,"Big Boulder Ln, Alpine, CA, US",Flowering,Yes
270690278,https://www.inaturalist.org/observations/270690278,2025-04-15,research,Layia platyglossa,tidy tips,sienav,"Chino Hills State Park, Chino Hills, CA, US",Flowering,Yes
270539996,https://www.inaturalist.org/observations/270539996,2025-04-14,research,Layia platyglossa,tidy tips,fjd0202,"Valencia, Santa Clarita, CA, USA",Flowering,Yes
270531209,https://www.inaturalist.org/observations/270531209,2025-04-14,research,Layia platyglossa,tidy tips,caleb_3,"Dana, Irvine, CA, US",Flowering,Yes
270518297,https://www.inaturalist.org/observations/270518297,2025-04-14,research,Layia platyglossa,tidy tips,arielg,"CA, US",Flowering,Yes
270509473,https://www.inaturalist.org/observations/270509473,2025-04-09,research,Layia platyglossa,tidy tips,salamanderz,"Foothill Blvd, Los Angeles, CA, US",Flowering,Yes
270366976,https://www.inaturalist.org/observations/270366976,2025-04-12,research,Layia platyglossa,tidy tips,cpmaceface,"SANTA MARGAR, CA 93453, USA",Flowering,Yes
270349288,https://www.inaturalist.org/observations/270349288,2025-04-13,research,Layia platyglossa,tidy tips,eschniter,"Yucaipa, CA, USA",Flowering,Yes
270238205,https://www.inaturalist.org/observations/270238205,2025-04-12,research,Layia platyglossa,tidy tips,t1m1ll3r,"Reservoir Canyon Road, San Luis Obispo, CA, US",Flowering,Yes
270204510,https://www.inaturalist.org/observations/270204510,2025-04-12,research,Layia platyglossa,tidy tips,erinlikeshiking,"Anaheim, CA 92808, USA",Flowering,Yes
270114862,https://www.inaturalist.org/observations/270114862,2025-04-12,research,Layia platyglossa,tidy tips,oregon_ghost,"San Luis Obispo County, US-CA, US",Flowering,Yes
270068743,https://www.inaturalist.org/observations/270068743,2025-04-12,research,Layia platyglossa,tidy tips,arboretum_amy,"Anaheim Hills, Anaheim, CA, USA",Flowering,Yes
270068657,https://www.inaturalist.org/observations/270068657,2025-04-12,research,Layia platyglossa,tidy tips,arboretum_amy,"Anaheim Hills, Anaheim, CA, USA",Flowering,Yes
269997925,https://www.inaturalist.org/observations/269997925,2025-04-12,research,Layia platyglossa,tidy tips,sabinalucke,"Bolsa Chica Ecological Reserve Mesa Trail, Huntington Beach, CA, US",Flowering,Yes
269966527,https://www.inaturalist.org/observations/269966527,2025-04-08,research,Layia platyglossa,tidy tips,judy,"San Dieguito River Park, Escondido, CA, US",Flowering,Yes
269848724,https://www.inaturalist.org/observations/269848724,2025-04-11,research,Layia platyglossa,tidy tips,epfodeb,"Crafton Hills Ridge Trail, Yucaipa, CA, US",Flowering,Yes
269834921,https://www.inaturalist.org/observations/269834921,2025-04-10,research,Layia platyglossa,tidy tips,benkaing,"Warner-Pacific Coast, Huntington Beach, CA 92649, USA",Flowering,Yes
269732240,https://www.inaturalist.org/observations/269732240,2025-04-09,research,Layia platyglossa,tidy tips,david99,"Riverside County, CA, USA",Flowering,Yes
269659049,https://www.inaturalist.org/observations/269659049,2025-04-10,research,Layia platyglossa,tidy tips,javiercnc,"Elyria Canyon Park, Los Angeles County, US-CA, US",Flowering,Yes
269658505,https://www.inaturalist.org/observations/269658505,2025-04-10,research,Layia platyglossa,tidy tips,paulinepham,"Bolsa Chica Ecological Reserve, Huntington Beach, CA, US",Flowering,Yes
269632673,https://www.inaturalist.org/observations/269632673,2025-04-05,research,Layia platyglossa,tidy tips,sapienshane,"SANTA MARGAR, CA 93453, USA",Flowering,Yes
269625756,https://www.inaturalist.org/observations/269625756,2025-04-09,research,Layia platyglossa,tidy tips,david2222,"Carrizo Plain National Monument, Santa Margarita, CA, US",Flowering,Yes
269569587,https://www.inaturalist.org/observations/269569587,2025-04-08,research,Layia platyglossa,tidy tips,rickwalks,"San Luis Obispo County, CA, USA",Flowering,Yes
269405733,https://www.inaturalist.org/observations/269405733,2023-04-21,research,Layia platyglossa,tidy tips,mullskiman,"San Luis Obispo County, CA, USA",Flowering,Yes
269404299,https://www.inaturalist.org/observations/269404299,2025-04-06,research,Layia platyglossa,tidy tips,alleneli,"SANTA MARGAR, CA 93453, USA",Flowering,Yes
269335951,https://www.inaturalist.org/observations/269335951,2025-04-08,research,Layia platyglossa,tidy tips,ahalligan,"Shady Canyon Dr, Irvine, CA, US",Flowering,Yes
269225820,https://www.inaturalist.org/observations/269225820,2025-04-07,research,Layia platyglossa,tidy tips,allison_athena_autry,"Seven Mile Rd, Santa Margarita, CA, US",Flowering,Yes
269174768,https://www.inaturalist.org/observations/269174768,2025-04-06,research,Layia platyglossa,tidy tips,alleneli,"SANTA MARGAR, CA 93453, USA",Flowering,Yes
269050787,https://www.inaturalist.org/observations/269050787,2025-04-06,research,Layia platyglossa,tidy tips,quercusboletus,"E Front St, Ventura, CA, US",Flowering,Yes
269050767,https://www.inaturalist.org/observations/269050767,2025-04-06,research,Layia platyglossa,tidy tips,sambiosis,"Shell Creek Rd, Shandon, CA, US",Flowering,Yes
269050576,https://www.inaturalist.org/observations/269050576,2025-04-06,research,Layia platyglossa,tidy tips,quercusboletus,"S Hemlock St, Ventura, CA, US",Flowering,Yes
269032889,https://www.inaturalist.org/observations/269032889,2025-04-06,research,Layia platyglossa,tidy tips,mdaplants,"Shell Creek Rd, Shandon, CA, US",Flowering,Yes
269011593,https://www.inaturalist.org/observations/269011593,2025-04-06,research,Layia platyglossa,tidy tips,roxmostafavi,"Neilson Way, Santa Monica, CA, US",Flowering,Yes
268877411,https://www.inaturalist.org/observations/268877411,2025-03-31,research,Layia platyglossa,tidy tips,juliamarkey,"San Luis Obispo County, CA, USA",Flowering,Yes
268877410,https://www.inaturalist.org/observations/268877410,2025-03-31,research,Layia platyglossa,tidy tips,juliamarkey,"San Luis Obispo County, CA, USA",Flowering,Yes
268877409,https://www.inaturalist.org/observations/268877409,2025-03-31,research,Layia platyglossa,tidy tips,juliamarkey,"San Luis Obispo County, CA, USA",Flowering,Yes
268869761,https://www.inaturalist.org/observations/268869761,2025-04-05,research,Layia platyglossa,tidy tips,allison_athena_autry,"San Luis Obispo, CA, US",Flowering,Yes
268862306,https://www.inaturalist.org/observations/268862306,2025-04-05,research,Layia platyglossa,tidy tips,rdmitchell,"SANTA MARGAR, CA 93453, USA",Flowering,Yes
268822980,https://www.inaturalist.org/observations/268822980,2025-04-05,research,Layia platyglossa,tidy tips,tomboegel,"Carrizo Plain National Monument, Santa Margarita, CA, US",Flowering,Yes
268821285,https://www.inaturalist.org/observations/268821285,2025-04-05,research,Layia platyglossa,tidy tips,poppycorners,"Santa Margarita, CA, US",Flowering,Yes
268816291,https://www.inaturalist.org/observations/268816291,2025-04-05,research,Layia platyglossa,tidy tips,fouquieria,"San Diego County, US-CA, US",Flowering,Yes
268810672,https://www.inaturalist.org/observations/268810672,2025-04-05,research,Layia platyglossa,tidy tips,ikeikemori,"Bolsa Chica Ecological Reserve, Huntington Beach, CA, US",Flowering,Yes
268775398,https://www.inaturalist.org/observations/268775398,2025-04-05,research,Layia platyglossa,tidy tips,brian36826,"Turtle Rock, Irvine, CA, USA",Flowering,Yes
268746619,https://www.inaturalist.org/observations/268746619,2025-04-04,research,Layia platyglossa,tidy tips,janet0014,"Carrizo Plain National Monument, Santa Margarita, CA, US",Flowering,Yes
268645329,https://www.inaturalist.org/observations/268645329,2025-04-04,research,Layia platyglossa,tidy tips,dale12,"Carrizo Plain National Monument, Santa Margarita, CA, US",Flowering,Yes
268623288,https://www.inaturalist.org/observations/268623288,2025-04-04,research,Layia platyglossa,tidy tips,vaneko,"Moreno Valley, CA, US",Flowering,Yes
268459398,https://www.inaturalist.org/observations/268459398,2025-04-03,research,Layia platyglossa,tidy tips,bequi,"Sunset Beach, Huntington Beach, CA 92649, USA",Flowering,Yes
268416571,https://www.inaturalist.org/observations/268416571,2025-04-03,research,Layia platyglossa,tidy tips,biminy,"Lower Clamshell Truck, Monrovia, CA, US",Flowering,Yes
268330877,https://www.inaturalist.org/observations/268330877,2025-04-01,research,Layia platyglossa,tidy tips,breannad,"Forest Service Road 11N01, New Cuyama, CA, US",Flowering,Yes
268326374,https://www.inaturalist.org/observations/268326374,2025-04-02,research,Layia platyglossa,tidy tips,bos__mutus,"San Luis Obispo County, CA, USA",Flowering,Yes
268279711,https://www.inaturalist.org/observations/268279711,2025-04-02,research,Layia platyglossa,tidy tips,atayyy,"Shady Canyon Dr, Irvine, CA, US",Flowering,Yes
268176030,https://www.inaturalist.org/observations/268176030,2025-03-30,research,Layia platyglossa,tidy tips,meljean,"Shell Creek Rd, Shandon, CA, US",Flowering,Yes
268148400,https://www.inaturalist.org/observations/268148400,2025-04-01,research,Layia platyglossa,tidy tips,kestrel,"Shell Creek Rd, Santa Margarita, CA, US",Flowering,Yes
268018337,https://www.inaturalist.org/observations/268018337,2025-03-29,research,Layia platyglossa,tidy tips,meljean,"Carrizo Plain National Monument, Santa Margarita, CA, US",Flowering,Yes
268017016,https://www.inaturalist.org/observations/268017016,2025-03-28,research,Layia platyglossa,tidy tips,meljean,"Seven Mile Rd, Santa Margarita, CA, US",Flowering,Yes
267996994,https://www.inaturalist.org/observations/267996994,2025-03-26,research,Layia platyglossa,tidy tips,milliebasden,"San Luis Obispo County, CA, USA",Flowering,Yes
267975054,https://www.inaturalist.org/observations/267975054,2025-03-31,research,Layia platyglossa,tidy tips,monoeye,"Corson St, Pasadena, CA, US",Flowering,Yes
267974117,https://www.inaturalist.org/observations/267974117,2025-03-31,research,Layia platyglossa,tidy tips,kestrl,"Golden West-Ent Huntington Beach, Huntington Beach, CA 92647, USA",Flowering,Yes
267950571,https://www.inaturalist.org/observations/267950571,2025-03-31,research,Layia platyglossa,tidy tips,esinclair55,"Lompoc, CA, US",Flowering,Yes
267805038,https://www.inaturalist.org/observations/267805038,2025-03-29,research,Layia platyglossa,tidy tips,susanramos,"Carrizo Plain National Monument, Santa Margarita, CA, US",Flowering,Yes
267786626,https://www.inaturalist.org/observations/267786626,2025-03-26,research,Layia platyglossa,tidy tips,docprt,"San Luis Obispo County, CA, USA",Flowering,Yes
267786589,https://www.inaturalist.org/observations/267786589,2025-03-26,research,Layia platyglossa,tidy tips,docprt,"San Luis Obispo County, CA, USA",Flowering,Yes
267658074,https://www.inaturalist.org/observations/267658074,2025-03-29,research,Layia platyglossa,tidy tips,bos__mutus,"San Luis Obispo County, CA, USA",Flowering,Yes
267617034,https://www.inaturalist.org/observations/267617034,2025-03-29,research,Layia platyglossa,tidy tips,gretchen2,"Goleta, CA, US",Flowering,Yes
267615479,https://www.inaturalist.org/observations/267615479,2025-03-29,research,Layia platyglossa,tidy tips,gretchen2,"Santa Barbara County, US-CA, US",Flowering,Yes
267608235,https://www.inaturalist.org/observations/267608235,2025-03-29,research,Layia platyglossa,tidy tips,omma,"Temecula Pkwy, Temecula, CA, US",Flowering,Yes
267595760,https://www.inaturalist.org/observations/267595760,2025-03-29,research,Layia platyglossa,tidy tips,andrewlyell,"San Luis Obispo, CA, US",Flowering,Yes
267227088,https://www.inaturalist.org/observations/267227088,2025-03-27,research,Layia platyglossa,tidy tips,russnamitz,"Seven Mile Rd, Santa Margarita, CA, US",Flowering,Yes
267218619,https://www.inaturalist.org/observations/267218619,2025-03-27,research,Layia platyglossa,tidy tips,auntiegrace,"Sotelo, Mission Viejo, CA, US",Flowering,Yes
267144219,https://www.inaturalist.org/observations/267144219,2025-03-26,research,Layia platyglossa,tidy tips,tkgoggin,"San Luis Obispo County, US-CA, US",Flowering,Yes
267006518,https://www.inaturalist.org/observations/267006518,2025-03-24,research,Layia platyglossa,tidy tips,maxrico,"San Pedro St & 3rd St, Los Angeles, CA 90012, USA",Flowering,Yes
266836246,https://www.inaturalist.org/observations/266836246,2025-03-24,research,Layia platyglossa,tidy tips,iwoodard,"Carrizo Plain National Monument, Santa Margarita, CA, US",Flowering,Yes
266834431,https://www.inaturalist.org/observations/266834431,2025-03-24,research,Layia platyglossa,tidy tips,jhmccoy_,"Santa Margarita, CA, US",Flowering,Yes
266749433,https://www.inaturalist.org/observations/266749433,2025-03-23,research,Layia platyglossa,tidy tips,quercusboletus,"N A St, Oxnard, CA, US",Flowering,Yes
266629550,https://www.inaturalist.org/observations/266629550,2025-03-22,research,Layia platyglossa,tidy tips,omnibug,"San Luis Obispo County, US-CA, US",Flowering,Yes
266492025,https://www.inaturalist.org/observations/266492025,2025-03-22,research,Layia platyglossa,tidy tips,morganbing,"Reservoir Canyon Road, San Luis Obispo, CA, US",Flowering,Yes
266441901,https://www.inaturalist.org/observations/266441901,2025-03-22,research,Layia platyglossa,tidy tips,kangarat,"Belmont Heights, Long Beach, CA, USA",Flowering,Yes
266111963,https://www.inaturalist.org/observations/266111963,2025-03-20,research,Layia platyglossa,tidy tips,kestrl,"Golden West-Ent Huntington Beach, Huntington Beach, CA 92647, USA",Flowering,Yes
265506321,https://www.inaturalist.org/observations/265506321,2025-03-15,research,Layia platyglossa,tidy tips,mike-butler,"Chimineas Ranch Road, Santa Margarita, CA, US",Flowering,Yes
265212147,https://www.inaturalist.org/observations/265212147,2025-03-13,research,Layia platyglossa,tidy tips,alishacassandra,"Pacific Blvd, Grover Beach, CA, US",Flowering,Yes
264381711,https://www.inaturalist.org/observations/264381711,2025-03-07,research,Layia platyglossa,tidy tips,brody61,"E Elder Dr, Claremont, CA, US",Flowering,Yes
262998628,https://www.inaturalist.org/observations/262998628,2025-02-24,research,Layia platyglossa,tidy tips,caitlin12012,"Paseo Marguerita, Vista, CA, US",Flowering,Yes
262884706,https://www.inaturalist.org/observations/262884706,2025-02-23,research,Layia platyglossa,tidy tips,greyfin,"Los Angeles County, US-CA, US",Flowering,Yes
259593310,https://www.inaturalist.org/observations/259593310,2025-01-21,research,Layia platyglossa,tidy tips,mosscat,"MiraCosta College, Oceanside, CA, US",Flowering,Yes
259129874,https://www.inaturalist.org/observations/259129874,2023-04-21,research,Layia platyglossa,tidy tips,goth_birder,"SANTA MARGAR, CA 93453, USA",Flowering,Yes
258866824,https://www.inaturalist.org/observations/258866824,2023-04-17,research,Layia platyglossa,tidy tips,desert_daydreamer,"Shell Creek Rd, Santa Margarita, CA, US",Flowering,Yes
258579412,https://www.inaturalist.org/observations/258579412,2025-01-14,research,Layia platyglossa,tidy tips,raingurlroz,"Cherokee Point, San Diego, CA, USA",Flowering,Yes
254272951,https://www.inaturalist.org/observations/254272951,2024-04-06,research,Layia platyglossa,tidy tips,ikeikemori,"Huntington Central Park, Huntington Beach, CA, US",Flowering,Yes
248311017,https://www.inaturalist.org/observations/248311017,2024-04-24,research,Layia platyglossa,tidy tips,calzones,"Channel Islands National Park, CA, US",Flowering,Yes
248310281,https://www.inaturalist.org/observations/248310281,2024-04-24,research,Layia platyglossa,tidy tips,calzones,"Channel Islands National Park, CA, US",Flowering,Yes
248310156,https://www.inaturalist.org/observations/248310156,2024-04-24,research,Layia platyglossa,tidy tips,calzones,"Channel Islands National Park, CA, US",Flowering,Yes
244258368,https://www.inaturalist.org/observations/244258368,2024-05-27,research,Layia platyglossa,tidy tips,thesafarihiker,"Cambria, CA, USA",Flowering,Yes
242345939,https://www.inaturalist.org/observations/242345939,2024-05-17,research,Layia platyglossa,tidy tips,ffrp,"Cambria, CA, USA",Flowering,Yes
240453846,https://www.inaturalist.org/observations/240453846,2023-04-22,research,Layia platyglossa,tidy tips,brantacanadensis1,"San Luis Obispo County, CA, USA",Flowering,Yes
234208014,https://www.inaturalist.org/observations/234208014,2024-08-06,research,Layia platyglossa,tidy tips,chblangs,"Friends of the Fiscalini Ranch Preserve, Cambria, CA, US",Flowering,Yes
233768275,https://www.inaturalist.org/observations/233768275,2024-04-25,research,Layia platyglossa,tidy tips,goodie,"Santa Margarita, CA, USA",Flowering,Yes
232981292,https://www.inaturalist.org/observations/232981292,2024-07-31,research,Layia platyglossa,tidy tips,renee595,"N Mar Vista Ave, Pasadena, CA, US",Flowering,Yes
232776325,https://www.inaturalist.org/observations/232776325,2024-04-21,research,Layia platyglossa,tidy tips,dancinpete,"Ojai Santa Paula Rd, Ojai, CA, US",Flowering,Yes
231515040,https://www.inaturalist.org/observations/231515040,2024-07-24,research,Layia platyglossa,tidy tips,thrasherbird,"Ladera Linda Community Center, Rancho Palos Verdes, CA, US",Flowering,Yes
227575483,https://www.inaturalist.org/observations/227575483,2024-07-06,research,Layia platyglossa,tidy tips,kellyalycemcdonald,"Friends of the Fiscalini Ranch Preserve, Cambria, CA, US",Flowering,Yes
225009727,https://www.inaturalist.org/observations/225009727,2024-03-08,research,Layia platyglossa,tidy tips,rwwolfe,"W Seventh St, Long Beach, CA, US",Flowering,Yes
224811277,https://www.inaturalist.org/observations/224811277,2024-04-01,research,Layia platyglossa,tidy tips,jane_bt,"SANTA MARGAR, CA 93453, États-Unis",Flowering,Yes
222452316,https://www.inaturalist.org/observations/222452316,2024-04-01,research,Layia platyglossa,tidy tips,travis_apgar,"Shell Creek Rd, Shandon, CA, US",Flowering,Yes
221490823,https://www.inaturalist.org/observations/221490823,2024-06-08,research,Layia platyglossa,tidy tips,fraskar,"agua dulce, mount laguna, CA, USA",Flowering,Yes
221480285,https://www.inaturalist.org/observations/221480285,2024-06-08,research,Layia platyglossa,tidy tips,patita23,"Cleveland National Forest, Mount Laguna, CA, US",Flowering,Yes
221355670,https://www.inaturalist.org/observations/221355670,2024-06-01,research,Layia platyglossa,tidy tips,zooeycaudata,"Camatta Creek Rd, Shandon, CA, US",Flowering,Yes
221036383,https://www.inaturalist.org/observations/221036383,2024-06-06,research,Layia platyglossa,tidy tips,ddonovan17,"San Diego County, US-CA, US",Flowering,Yes
220472757,https://www.inaturalist.org/observations/220472757,2024-06-04,research,Layia platyglossa,tidy tips,aaron38580,"N Bixel St, Los Angeles, CA, US",Flowering,Yes
219886524,https://www.inaturalist.org/observations/219886524,2024-06-01,research,Layia platyglossa,tidy tips,eridanlover,"Temecula, CA, US",Flowering,Yes
219660509,https://www.inaturalist.org/observations/219660509,2024-05-31,research,Layia platyglossa,tidy tips,banannahfish,"San Dieguito River Park, San Diego, CA, US",Flowering,Yes
219584673,https://www.inaturalist.org/observations/219584673,2024-03-24,research,Layia platyglossa,tidy tips,kbarylski,"San Jacinto Wildlife Area, 17050 Davis St, Lakeview, CA 92567, USA",Flowering,Yes
219471226,https://www.inaturalist.org/observations/219471226,2024-05-23,research,Layia platyglossa,tidy tips,thewildone,"Cuish-Cuish East Mesa Cultural Preserve, Descanso, CA, US",Flowering,Yes
219377564,https://www.inaturalist.org/observations/219377564,2024-05-09,research,Layia platyglossa,tidy tips,stacyma,"Warren Rd, Hemet, CA, US",Flowering,Yes
219248431,https://www.inaturalist.org/observations/219248431,2024-05-29,research,Layia platyglossa,tidy tips,decoyhedgehog,"PW4R+XV Bolsa Bay State Marine Protection Area, Huntington Beach, CA 92649, USA",Flowering,Yes
218572535,https://www.inaturalist.org/observations/218572535,2024-05-14,research,Layia platyglossa,tidy tips,plantlife22,"Cleveland National Forest, Descanso, CA, US",Flowering,Yes
218314002,https://www.inaturalist.org/observations/218314002,2024-04-26,research,Layia platyglossa,tidy tips,kelanlong,"Carrizo Plain National Monument, Santa Margarita, CA, US",Flowering,Yes
218279888,https://www.inaturalist.org/observations/218279888,2024-05-23,research,Layia platyglossa,tidy tips,artsiomkauryha,"Cleveland National Forest, Descanso, CA, US",Flowering,Yes
218012112,https://www.inaturalist.org/observations/218012112,2024-05-17,research,Layia platyglossa,tidy tips,zach1r,"San Bernardino National Forest, Mountain Center, CA, US",Flowering,Yes
217988389,https://www.inaturalist.org/observations/217988389,2024-05-23,research,Layia platyglossa,tidy tips,pavelbykau,"Cleveland National Forest, Descanso, CA, US",Flowering,Yes
217647729,https://www.inaturalist.org/observations/217647729,2024-05-22,research,Layia platyglossa,tidy tips,traceability,"Adelaida, Cayucos, CA, US",Flowering,Yes
217610172,https://www.inaturalist.org/observations/217610172,2024-05-18,research,Layia platyglossa,tidy tips,aaron_echols,"Friends of the Fiscalini Ranch Preserve, Cambria, CA, US",Flowering,Yes
217558164,https://www.inaturalist.org/observations/217558164,2024-05-21,research,Layia platyglossa,tidy tips,jturits,"Wisner Ave, Los Angeles, CA, US",Flowering,Yes
217428057,https://www.inaturalist.org/observations/217428057,2024-05-21,research,Layia platyglossa,tidy tips,cwolfemerritt,"Los Angeles County, CA, USA",Flowering,Yes
217426452,https://www.inaturalist.org/observations/217426452,2024-05-18,research,Layia platyglossa,tidy tips,dasco,"Cuish-Cuish East Mesa Cultural Preserve, Descanso, CA, US",Flowering,Yes
217372872,https://www.inaturalist.org/observations/217372872,2024-05-20,research,Layia platyglossa,tidy tips,quandary,"Riverside County, CA, USA",Flowering,Yes
217228997,https://www.inaturalist.org/observations/217228997,2024-05-20,research,Layia platyglossa,tidy tips,vonterschj,"Santa Margarita, CA, US",Flowering,Yes
217215607,https://www.inaturalist.org/observations/217215607,2024-04-24,research,Layia platyglossa,tidy tips,stellathejay,"Channel Islands National Park, CA, US",Flowering,Yes
217214977,https://www.inaturalist.org/observations/217214977,2024-04-24,research,Layia platyglossa,tidy tips,stellathejay,"Channel Islands National Park, CA, US",Flowering,Yes
217214261,https://www.inaturalist.org/observations/217214261,2024-04-24,research,Layia platyglossa,tidy tips,stellathejay,"Channel Islands National Park, CA, US",Flowering,Yes
217185628,https://www.inaturalist.org/observations/217185628,2024-05-19,research,Layia platyglossa,tidy tips,georgewilliams1,"Santa Barbara County, CA, USA",Flowering,Yes
217184790,https://www.inaturalist.org/observations/217184790,2024-05-19,research,Layia platyglossa,tidy tips,georgewilliams1,"Santa Barbara County, CA, USA",Flowering,Yes
217003314,https://www.inaturalist.org/observations/217003314,2024-05-18,research,Layia platyglossa,tidy tips,klyle161,"Mt Laguna, CA 91948, USA",Flowering,Yes
216952891,https://www.inaturalist.org/observations/216952891,2024-03-26,research,Layia platyglossa,tidy tips,thesafarihiker,"Temecula, CA, US",Flowering,Yes
216924472,https://www.inaturalist.org/observations/216924472,2024-05-19,research,Layia platyglossa,tidy tips,judy,"San Dieguito River Park, San Diego, CA, US",Flowering,Yes
216829745,https://www.inaturalist.org/observations/216829745,2024-05-19,research,Layia platyglossa,tidy tips,bajasedoso,"Mt Laguna, CA 91948, USA",Flowering,Yes
216724530,https://www.inaturalist.org/observations/216724530,2024-03-26,research,Layia platyglossa,tidy tips,thesafarihiker,"Riverside County, CA, USA",Flowering,Yes
216724466,https://www.inaturalist.org/observations/216724466,2024-03-26,research,Layia platyglossa,tidy tips,thesafarihiker,"Riverside County, CA, USA",Flowering,Yes
216723185,https://www.inaturalist.org/observations/216723185,2024-05-14,research,Layia platyglossa,tidy tips,lowclouds,"Julian, CA 92036, USA",Flowering,Yes
216460834,https://www.inaturalist.org/observations/216460834,2024-05-17,research,Layia platyglossa,tidy tips,mesteve,"San Diego County, Cleveland National Forest, US-CA, US",Flowering,Yes
216448060,https://www.inaturalist.org/observations/216448060,2024-05-17,research,Layia platyglossa,tidy tips,yeahtoadally,"Tracy St, Los Angeles, CA, US",Flowering,Yes
216134602,https://www.inaturalist.org/observations/216134602,2024-05-16,research,Layia platyglossa,tidy tips,emmahorehound,"Wilacre Park, Los Angeles, CA, US",Flowering,Yes
216107496,https://www.inaturalist.org/observations/216107496,2024-05-16,research,Layia platyglossa,tidy tips,sangabrielkid,"Coldwater Canyon Park, Los Angeles, CA, US",Flowering,Yes
216018185,https://www.inaturalist.org/observations/216018185,2024-05-14,research,Layia platyglossa,tidy tips,juniperus_bekensis_sl,"SANTA MARGAR, CA 93453, USA",Flowering,Yes
215933463,https://www.inaturalist.org/observations/215933463,2024-05-15,research,Layia platyglossa,tidy tips,bjgingg,"Friends of the Fiscalini Ranch Preserve, Cambria, CA, US",Flowering,Yes
215914549,https://www.inaturalist.org/observations/215914549,2024-05-13,research,Layia platyglossa,tidy tips,wiley1,"San Bernardino National Forest, Mountain Center, CA, US",Flowering,Yes
215844284,https://www.inaturalist.org/observations/215844284,2024-05-13,research,Layia platyglossa,tidy tips,lagoondon,"Riverside County, CA, USA",Flowering,Yes
215793781,https://www.inaturalist.org/observations/215793781,2024-05-14,research,Layia platyglossa,tidy tips,gkenney,"Marine Corps Base Camp Pendleton, Oceanside, CA, US",Flowering,Yes
215651251,https://www.inaturalist.org/observations/215651251,2024-05-09,research,Layia platyglossa,tidy tips,nicole-and-kevin,"Santa Barbara County, CA, USA",Flowering,Yes
215648874,https://www.inaturalist.org/observations/215648874,2024-05-13,research,Layia platyglossa,tidy tips,jackiebaum,"Chino Hills, CA 91709, USA",Flowering,Yes
215616497,https://www.inaturalist.org/observations/215616497,2024-05-13,research,Layia platyglossa,tidy tips,alazon,"Boulevard, CA 91905, USA",Flowering,Yes
215443452,https://www.inaturalist.org/observations/215443452,2024-05-10,research,Layia platyglossa,tidy tips,madge,"Torrey Pines State Natural Reserve, San Diego, CA, US",Flowering,Yes
215357939,https://www.inaturalist.org/observations/215357939,2024-05-12,research,Layia platyglossa,tidy tips,u_phantasticus,"Santa Barbara County, US-CA, US",Flowering,Yes
215280746,https://www.inaturalist.org/observations/215280746,2024-05-11,research,Layia platyglossa,tidy tips,ksmith7,"South Coast Botanic Garden, 26300 Crenshaw Blvd, Palos Verdes Estates, CA 90274, USA",Flowering,Yes
215261574,https://www.inaturalist.org/observations/215261574,2024-05-09,research,Layia platyglossa,tidy tips,seancarson_,"Camatta Creek Rd, Shandon, CA, US",Flowering,Yes
215162181,https://www.inaturalist.org/observations/215162181,2024-05-11,research,Layia platyglossa,tidy tips,homosapien4158540839,"Friends of the Fiscalini Ranch Preserve, Cambria, CA, US",Flowering,Yes
215126144,https://www.inaturalist.org/observations/215126144,2024-05-11,research,Layia platyglossa,tidy tips,dasco,"San Dieguito River Park, Ramona, CA, US",Flowering,Yes
215112432,https://www.inaturalist.org/observations/215112432,2024-05-11,research,Layia platyglossa,tidy tips,arboretum_amy,"Anaheim, CA 92808, USA",Flowering,Yes
214897733,https://www.inaturalist.org/observations/214897733,2024-05-10,research,Layia platyglossa,tidy tips,johnwaidner,"SANTA MARGAR, CA 93453, USA",Flowering,Yes
214884169,https://www.inaturalist.org/observations/214884169,2024-05-10,research,Layia platyglossa,tidy tips,efmer,"San Diego County, CA, USA",Flowering,Yes
214883618,https://www.inaturalist.org/observations/214883618,2024-05-10,research,Layia platyglossa,tidy tips,efmer,"San Diego County, CA, USA",Flowering,Yes
214850676,https://www.inaturalist.org/observations/214850676,2024-05-09,research,Layia platyglossa,tidy tips,fraskar,"San Diego County, CA, USA",Flower Budding,Yes
214800813,https://www.inaturalist.org/observations/214800813,2024-05-10,research,Layia platyglossa,tidy tips,smisek_a,"San Diego County, US-CA, US",Flowering,Yes
214782902,https://www.inaturalist.org/observations/214782902,2024-05-08,research,Layia platyglossa,tidy tips,slimygrub,"San Dieguito River Park, Escondido, CA, US",Flowering,Yes
214711648,https://www.inaturalist.org/observations/214711648,2024-05-07,research,Layia platyglossa,tidy tips,alanking,"San Diego County, CA, USA",Flowering,Yes
214520527,https://www.inaturalist.org/observations/214520527,2024-05-06,research,Layia platyglossa,tidy tips,bryce_john,"Julian, CA 92036, USA",Flowering,Yes
214449416,https://www.inaturalist.org/observations/214449416,2024-05-08,research,Layia platyglossa,tidy tips,samantha1128,"Julian, CA 92036, USA",Flowering,Yes
214441856,https://www.inaturalist.org/observations/214441856,2024-04-11,research,Layia platyglossa,tidy tips,jonathan_alibrando,"Aguanga, CA 92536, USA",Flowering,Yes
214433910,https://www.inaturalist.org/observations/214433910,2024-05-08,research,Layia platyglossa,tidy tips,davidseid,"Curbaril Ave, Atascadero, CA, US",Flowering,Yes
214407825,https://www.inaturalist.org/observations/214407825,2024-05-07,research,Layia platyglossa,tidy tips,disco___very,"Reservoir Canyon Road, San Luis Obispo, CA, US",Flowering,Yes
214323662,https://www.inaturalist.org/observations/214323662,2024-05-07,research,Layia platyglossa,tidy tips,hikingsandiego,"San Diego County, CA, USA",Flowering,Yes
214294636,https://www.inaturalist.org/observations/214294636,2024-05-07,research,Layia platyglossa,tidy tips,hikingsandiego,"San Diego County, CA, USA",Flowering,Yes
214113478,https://www.inaturalist.org/observations/214113478,2024-05-04,research,Layia platyglossa,tidy tips,spifferella,"San Diego County, CA, USA",Flowering,Yes
214080861,https://www.inaturalist.org/observations/214080861,2024-05-06,research,Layia platyglossa,tidy tips,antye,"Anza-Borrego Desert State Park, Julian, CA, US",Flowering,Yes
214015028,https://www.inaturalist.org/observations/214015028,2024-05-06,research,Layia platyglossa,tidy tips,taychase,"Nuevo, CA, US",Flowering,Yes
213929210,https://www.inaturalist.org/observations/213929210,2024-04-20,research,Layia platyglossa,tidy tips,spifferella,"La Jolla, San Diego, CA, USA",Flowering,Yes
213908835,https://www.inaturalist.org/observations/213908835,2024-05-05,research,Layia platyglossa,tidy tips,didadoes,"Temescal Gateway Park, Los Angeles, CA, US",Flowering,Yes
213904393,https://www.inaturalist.org/observations/213904393,2024-05-04,research,Layia platyglossa,tidy tips,erinacious,"Carrizo Plain National Monument, Santa Margarita, CA, US",Flowering,Yes
213853740,https://www.inaturalist.org/observations/213853740,2024-05-05,research,Layia platyglossa,tidy tips,russnamitz,"Carrizo Plain National Monument, Santa Margarita, CA, US",Flowering,Yes
213819432,https://www.inaturalist.org/observations/213819432,2024-05-05,research,Layia platyglossa,tidy tips,blakemcp,"San Jacinto Wildlife Area, Moreno Valley, CA, US",Flowering,Yes
213792714,https://www.inaturalist.org/observations/213792714,2024-05-05,research,Layia platyglossa,tidy tips,ronvanderhoff,"East Lake, Lake Elsinore, CA, US",Flowering,Yes
213772643,https://www.inaturalist.org/observations/213772643,2024-05-03,research,Layia platyglossa,tidy tips,aaron_echols,"Channel Islands National Park, Channel Islands, Santa Barbara County, US-CA, US",Flowering,Yes
213760677,https://www.inaturalist.org/observations/213760677,2024-05-05,research,Layia platyglossa,tidy tips,hfinger,"Carrizo Plain National Monument, Santa Margarita, CA, US",Flowering,Yes
213721073,https://www.inaturalist.org/observations/213721073,2024-05-05,research,Layia platyglossa,tidy tips,smisek_a,"San Diego County, US-CA, US",Flowering,Yes
213701292,https://www.inaturalist.org/observations/213701292,2024-05-04,research,Layia platyglossa,tidy tips,jjbauer,"Anza-Borrego Desert State Park, Julian, CA, US",Flowering,Yes
213581552,https://www.inaturalist.org/observations/213581552,2024-05-04,research,Layia platyglossa,tidy tips,danielleparsons,"Anza-Borrego Desert State Park, Julian, CA, US",Flowering,Yes
213562242,https://www.inaturalist.org/observations/213562242,2024-04-28,research,Layia platyglossa,tidy tips,lcd,"Carrizo Plain National Monument, Santa Margarita, CA 93453, USA",Flowering,Yes
213562241,https://www.inaturalist.org/observations/213562241,2024-04-28,research,Layia platyglossa,tidy tips,lcd,"Carrizo Plain National Monument, Santa Margarita, CA 93453, USA",Flowering,Yes
213456142,https://www.inaturalist.org/observations/213456142,2024-05-04,research,Layia platyglossa,tidy tips,mossymollirrey,"Anza-Borrego Desert State Park, Julian, CA, US",Flowering,Yes
213277408,https://www.inaturalist.org/observations/213277408,2024-05-03,research,Layia platyglossa,tidy tips,catfacedgirl,"Paul Ave, Torrance, CA, US",Flowering,Yes
213258850,https://www.inaturalist.org/observations/213258850,2024-05-03,research,Layia platyglossa,tidy tips,ron_123,"San Luis Obispo County, US-CA, US",Flowering,Yes
213251645,https://www.inaturalist.org/observations/213251645,2024-05-03,research,Layia platyglossa,tidy tips,christybeck,"Laguna Meadow, CA, USA",Flowering,Yes
213052860,https://www.inaturalist.org/observations/213052860,2024-04-20,research,Layia platyglossa,tidy tips,ericoid,"Avalon, CA 90704, USA",Flowering,Yes
213035579,https://www.inaturalist.org/observations/213035579,2024-04-29,research,Layia platyglossa,tidy tips,argyl1,"Sepulveda Basin Wildlife Reserve, 6350 Woodley Ave, Van Nuys, CA 91436, USA",Flowering,Yes
212954396,https://www.inaturalist.org/observations/212954396,2024-04-28,research,Layia platyglossa,tidy tips,klyle161,"Father Junipero Serra Trail, San Diego, CA, USA",Flowering,Yes
212877642,https://www.inaturalist.org/observations/212877642,2024-05-01,research,Layia platyglossa,tidy tips,sagevinje,"Cleveland National Forest, Palomar Mountain, CA, US",Flowering,Yes
212821040,https://www.inaturalist.org/observations/212821040,2024-04-28,research,Layia platyglossa,tidy tips,cfhollo,"Pacific Beach, San Diego, CA, USA",Flowering,Yes
212771479,https://www.inaturalist.org/observations/212771479,2024-05-01,research,Layia platyglossa,tidy tips,gabimclean,"Lower Clamshell Truck, Monrovia, CA, US",Flowering,Yes
212503986,https://www.inaturalist.org/observations/212503986,2024-04-27,research,Layia platyglossa,tidy tips,boazsolorio,"La Verne, CA 91750, USA",Flowering,Yes
212495636,https://www.inaturalist.org/observations/212495636,2024-04-27,research,Layia platyglossa,tidy tips,david99,"Riverside County, CA, USA",Flowering,Yes
212452475,https://www.inaturalist.org/observations/212452475,2024-04-30,research,Layia platyglossa,tidy tips,pir8cowb0y,"Shell Creek Rd, Shandon, CA, US",Flowering,Yes
212404112,https://www.inaturalist.org/observations/212404112,2024-04-26,research,Layia platyglossa,tidy tips,greenbottleblue,"San Luis Obispo County, CA, USA",Flowering,Yes
212379513,https://www.inaturalist.org/observations/212379513,2024-04-30,research,Layia platyglossa,tidy tips,etrichard,"Colorado Ave, Santa Monica, CA, US",Flowering,Yes
212360887,https://www.inaturalist.org/observations/212360887,2024-04-27,research,Layia platyglossa,tidy tips,david99,"Riverside County, CA, USA",Flowering,Yes
212139753,https://www.inaturalist.org/observations/212139753,2024-04-28,research,Layia platyglossa,tidy tips,mekraus,"SANTA MARGAR, CA 93453, USA",Flowering,Yes
212022978,https://www.inaturalist.org/observations/212022978,2024-04-29,research,Layia platyglossa,tidy tips,catfacedgirl,"Entradero Park, Torrance, CA, US",Flowering,Yes
211980917,https://www.inaturalist.org/observations/211980917,2024-04-29,research,Layia platyglossa,tidy tips,mmoir,"Santa Margarita, CA, US",Flowering,Yes
211941364,https://www.inaturalist.org/observations/211941364,2024-04-29,research,Layia platyglossa,tidy tips,shayla_gottlieb,"Bolsa Chica Ecological Reserve, Huntington Beach, CA, US",Flowering,Yes
211827487,https://www.inaturalist.org/observations/211827487,2024-04-26,research,Layia platyglossa,tidy tips,tjudge,"Seven Mile Rd, Santa Margarita, CA, US",Flowering,Yes
211683392,https://www.inaturalist.org/observations/211683392,2024-04-29,research,Layia platyglossa,tidy tips,obleyo,"Silver Lake Reservoir, Los Angeles, CA, US",Flowering,Yes
211551781,https://www.inaturalist.org/observations/211551781,2024-04-28,research,Layia platyglossa,tidy tips,alejandro_botijo,"Eagle Rock, Los Angeles, CA, EE. UU.",Flowering,Yes
211358229,https://www.inaturalist.org/observations/211358229,2024-04-28,research,Layia platyglossa,tidy tips,kelptacular,"Camatta Creek Rd, Shandon, CA, US",Flowering,Yes
211356088,https://www.inaturalist.org/observations/211356088,2024-04-27,research,Layia platyglossa,tidy tips,normherr,"Santa Catalina Island, Avalon, CA, US",Flowering,Yes
211247674,https://www.inaturalist.org/observations/211247674,2024-04-19,research,Layia platyglossa,tidy tips,ellacaraker,"San Luis Obispo County, CA, USA",Flowering,Yes
211198036,https://www.inaturalist.org/observations/211198036,2024-04-27,research,Layia platyglossa,tidy tips,zach1r,"Los Padres National Forest, Maricopa, CA, US",Flowering,Yes
210956729,https://www.inaturalist.org/observations/210956729,2024-04-28,research,Layia platyglossa,tidy tips,har10per,"Lake Poway Recreation Area, Poway, CA, US",Flowering,Yes
210933668,https://www.inaturalist.org/observations/210933668,2024-04-26,research,Layia platyglossa,tidy tips,dafh1,"Lake Hodges, Escondido, CA 92029, USA",Flowering,Yes
210670343,https://www.inaturalist.org/observations/210670343,2024-04-25,research,Layia platyglossa,tidy tips,cooper-conservation,"South Arroyo, Pasadena, CA, USA",Flowering,Yes
210633518,https://www.inaturalist.org/observations/210633518,2024-04-18,research,Layia platyglossa,tidy tips,annienzelll,"San Luis Obispo County, CA, USA",Flowering,Yes
210630362,https://www.inaturalist.org/observations/210630362,2024-04-04,research,Layia platyglossa,tidy tips,andrewrhodesia,"Soda Lake Rd, Santa Margarita, CA, US",Flowering,Yes
210575191,https://www.inaturalist.org/observations/210575191,2024-04-27,research,Layia platyglossa,tidy tips,edgarortuno,"Angeles MRCA Open Space, Los Angeles County, US-CA, US",Flowering,Yes
210502205,https://www.inaturalist.org/observations/210502205,2024-04-27,research,Layia platyglossa,tidy tips,icecoldwater,"Grant Park, Ventura, CA, US",Flowering,Yes
210440115,https://www.inaturalist.org/observations/210440115,2024-04-27,research,Layia platyglossa,tidy tips,aarenas,"Crystal Cove State Park, Newport Beach, CA, US",Flowering,Yes
210373742,https://www.inaturalist.org/observations/210373742,2024-04-27,research,Layia platyglossa,tidy tips,leilaakh,"San Dieguito River Park, San Diego, CA, US",Flowering,Yes
210373664,https://www.inaturalist.org/observations/210373664,2024-04-27,research,Layia platyglossa,tidy tips,rangerbunny,San Diego,Flowering,Yes
210366462,https://www.inaturalist.org/observations/210366462,2024-04-27,research,Layia platyglossa,tidy tips,andrewlyell,"Crystal Cove State Park, Newport Beach, CA, US",Flowering,Yes
210336624,https://www.inaturalist.org/observations/210336624,2024-04-27,research,Layia platyglossa,tidy tips,roseauston,San Diego,Flowering,Yes
210332073,https://www.inaturalist.org/observations/210332073,2024-04-27,research,Layia platyglossa,tidy tips,el1345,"San Dieguito River Park, San Diego, CA, US",Flowering,Yes
210024312,https://www.inaturalist.org/observations/210024312,2024-04-18,research,Layia platyglossa,tidy tips,sdash,"Pine Valley, CA 91962, USA",Flowering,Yes
209942597,https://www.inaturalist.org/observations/209942597,2024-04-21,research,Layia platyglossa,tidy tips,joseph29762,"Laguna Beach, CA 92651, USA",Flowering,Yes
209843463,https://www.inaturalist.org/observations/209843463,2024-04-26,research,Layia platyglossa,tidy tips,blake911,"Los Angeles County, CA, USA",Flowering,Yes
209828524,https://www.inaturalist.org/observations/209828524,2024-04-26,research,Layia platyglossa,tidy tips,ljconley,"CA-52 E, San Diego, CA, US",Flowering,Yes
209662800,https://www.inaturalist.org/observations/209662800,2024-04-26,research,Layia platyglossa,tidy tips,russnamitz,"Carrizo Plain National Monument, Santa Margarita, CA, US",Flowering,Yes
209328274,https://www.inaturalist.org/observations/209328274,2024-04-25,research,Layia platyglossa,tidy tips,kyle5mellon,"San Dieguito River Park, Escondido, CA, US",Flowering,Yes
209320134,https://www.inaturalist.org/observations/209320134,2024-04-25,research,Layia platyglossa,tidy tips,guyincognito,"Grand Terrace, CA, USA",Flowering,Yes
209300133,https://www.inaturalist.org/observations/209300133,2024-04-23,research,Layia platyglossa,tidy tips,damontighe,"Pacific Palisades, Los Angeles, CA, USA",Flowering,Yes
209216102,https://www.inaturalist.org/observations/209216102,2024-04-23,research,Layia platyglossa,tidy tips,brennanpopovic,"Seven Mile Rd, Santa Margarita, CA, US",Flowering,Yes
209183355,https://www.inaturalist.org/observations/209183355,2024-04-24,research,Layia platyglossa,tidy tips,jhmccoy_,"Carrizo Plain National Monument, Santa Margarita, CA, US",Flowering,Yes
209154890,https://www.inaturalist.org/observations/209154890,2024-04-24,research,Layia platyglossa,tidy tips,jeh1030,"Escondido, CA 92027, USA",Flowering,Yes
209143726,https://www.inaturalist.org/observations/209143726,2024-04-24,research,Layia platyglossa,tidy tips,eschule,"San Dieguito River Park, Escondido, CA, US",Flowering,Yes
209119141,https://www.inaturalist.org/observations/209119141,2024-04-24,research,Layia platyglossa,tidy tips,catfacedgirl,"Halison St, Torrance, CA, US",Flowering,Yes
209111441,https://www.inaturalist.org/observations/209111441,2024-04-24,research,Layia platyglossa,tidy tips,runawayplants,"Rio Hondo Whittier Narrows, Montebello, CA, US",Flowering,Yes
209095669,https://www.inaturalist.org/observations/209095669,2024-04-24,research,Layia platyglossa,tidy tips,rhoi-carpena,"Griffith Park, Los Angeles, CA, US",Flowering,Yes
208979185,https://www.inaturalist.org/observations/208979185,2024-04-23,research,Layia platyglossa,tidy tips,sue_meiman,"Los Angeles County, CA, USA",Flowering,Yes
208878901,https://www.inaturalist.org/observations/208878901,2024-04-21,research,Layia platyglossa,tidy tips,sierragonzalez,"Torrey Preserve, San Diego, CA, EE. UU.",Flowering,Yes
208850619,https://www.inaturalist.org/observations/208850619,2024-04-22,research,Layia platyglossa,tidy tips,ento_jam,"Shell Creek Rd, Shandon, CA, US",Flowering,Yes
208825348,https://www.inaturalist.org/observations/208825348,2024-04-22,research,Layia platyglossa,tidy tips,susanfawcett,"Wilson Valley Rd, Hemet, CA, US",Flowering,Yes
208819679,https://www.inaturalist.org/observations/208819679,2024-04-22,research,Layia platyglossa,tidy tips,pavelbykau,"San Dieguito River Park, Ramona, CA, US",Flowering,Yes
208759502,https://www.inaturalist.org/observations/208759502,2024-04-20,research,Layia platyglossa,tidy tips,aquaticmarlon,"California, US",Flowering,Yes
208722617,https://www.inaturalist.org/observations/208722617,2024-04-06,research,Layia platyglossa,tidy tips,kurtrademacher,"San Luis Obispo County, CA, USA",Flowering,Yes
208695824,https://www.inaturalist.org/observations/208695824,2024-04-21,research,Layia platyglossa,tidy tips,muir,"San Luis Obispo County, US-CA, US",Flowering,Yes
208656750,https://www.inaturalist.org/observations/208656750,2024-04-20,research,Layia platyglossa,tidy tips,kateboersma,"Torrey Pines State Natural Reserve, San Diego, CA, US",Flowering,Yes
208648099,https://www.inaturalist.org/observations/208648099,2024-04-21,research,Layia platyglossa,tidy tips,cjackson,"San Dieguito River Park, San Diego, CA, US",Flowering,Yes
208645358,https://www.inaturalist.org/observations/208645358,2024-04-19,research,Layia platyglossa,tidy tips,jkang5678,"Carrizo Plain National Monument, Santa Margarita, CA, US",Flowering,Yes
208624666,https://www.inaturalist.org/observations/208624666,2024-04-21,research,Layia platyglossa,tidy tips,meecha,"Wilshire Blvd, Los Angeles, CA, US",Flowering,Yes
208621420,https://www.inaturalist.org/observations/208621420,2024-04-20,research,Layia platyglossa,tidy tips,judy,"San Dieguito River Park, Escondido, CA, US",Flowering,Yes
208614555,https://www.inaturalist.org/observations/208614555,2024-04-08,research,Layia platyglossa,tidy tips,orobourical,"San Luis Obispo County, CA, USA",Flowering,Yes
208600059,https://www.inaturalist.org/observations/208600059,2024-04-13,research,Layia platyglossa,tidy tips,u_phantasticus,"San Luis Obispo County, US-CA, US",Flowering,Yes
208589738,https://www.inaturalist.org/observations/208589738,2024-04-21,research,Layia platyglossa,tidy tips,thomastaylor1,"San Luis Obispo, CA 93401, USA",Flowering,Yes
208525203,https://www.inaturalist.org/observations/208525203,2024-04-19,research,Layia platyglossa,tidy tips,efmer,"San Diego County, CA, USA",Flowering,Yes
208501747,https://www.inaturalist.org/observations/208501747,2024-04-12,research,Layia platyglossa,tidy tips,rescuelady,"Mission Canyon, CA 93105, USA",Flowering,Yes
208427851,https://www.inaturalist.org/observations/208427851,2024-04-20,research,Layia platyglossa,tidy tips,calliquail,"Carrizo Plain National Monument, Santa Margarita, CA, US",Flowering,Yes
208400955,https://www.inaturalist.org/observations/208400955,2024-04-20,research,Layia platyglossa,tidy tips,whipples,"Orchard St, Rancho Cucamonga, CA, US",Flowering,Yes
208301400,https://www.inaturalist.org/observations/208301400,2024-04-20,research,Layia platyglossa,tidy tips,nativelvr,"5GHG+2H, Los Angeles, CA 91411, USA",Flowering,Yes
208214878,https://www.inaturalist.org/observations/208214878,2024-04-16,research,Layia platyglossa,tidy tips,bonsaisteve,"San Diego Zoo Safari Park, San Diego, CA, US",Flowering,Yes
208213190,https://www.inaturalist.org/observations/208213190,2024-04-19,research,Layia platyglossa,tidy tips,michen890,"San Luis Obispo, CA 93405, USA",Flowering,Yes
208204209,https://www.inaturalist.org/observations/208204209,2024-04-19,research,Layia platyglossa,tidy tips,weverkaj,"Carrizo Plain National Monument, Santa Margarita, CA, US",Flowering,Yes
208190580,https://www.inaturalist.org/observations/208190580,2024-04-19,research,Layia platyglossa,tidy tips,fharmiess,"SANTA MARGAR, CA 93453, USA",Flowering,Yes
208182036,https://www.inaturalist.org/observations/208182036,2024-04-18,research,Layia platyglossa,tidy tips,liveandletsky,"Carrizo Plain National Monument, Santa Margarita, CA, US",Flowering,Yes
208137987,https://www.inaturalist.org/observations/208137987,2024-04-19,research,Layia platyglossa,tidy tips,emmahorehound,"Wilacre Park, Los Angeles, CA, US",Flowering,Yes
208089677,https://www.inaturalist.org/observations/208089677,2024-04-18,research,Layia platyglossa,tidy tips,littlefield,"Carrizo Plain National Monument, Santa Margarita, CA, US",Flowering,Yes
208000206,https://www.inaturalist.org/observations/208000206,2024-04-18,research,Layia platyglossa,tidy tips,michaelreed3,"South Arroyo, Pasadena, CA, USA",Flowering,Yes
207971301,https://www.inaturalist.org/observations/207971301,2024-04-18,research,Layia platyglossa,tidy tips,wintersun6,"Coastal San Pedro, Los Angeles, CA, USA",Flowering,Yes
207814867,https://www.inaturalist.org/observations/207814867,2024-04-17,research,Layia platyglossa,tidy tips,chalon9,"San Diego Zoo Safari Park, San Diego, CA, US",Flowering,Yes
207695501,https://www.inaturalist.org/observations/207695501,2024-04-02,research,Layia platyglossa,tidy tips,gabroshang,"Carrizo Plain National Monument, Santa Margarita, CA, US",Flowering,Yes
207695447,https://www.inaturalist.org/observations/207695447,2024-04-02,research,Layia platyglossa,tidy tips,gabroshang,"Carrizo Plain National Monument, Santa Margarita, CA, US",Flowering,Yes
207687790,https://www.inaturalist.org/observations/207687790,2024-04-12,research,Layia platyglossa,tidy tips,bluegrass,"SANTA MARGAR, CA 93453, USA",Flowering,Yes
207629852,https://www.inaturalist.org/observations/207629852,2024-04-16,research,Layia platyglossa,tidy tips,alflo00,"Jurupa Valley, CA 92509, USA",Flowering,Yes
207529603,https://www.inaturalist.org/observations/207529603,2024-04-15,research,Layia platyglossa,tidy tips,abirdfliesout,"SANTA MARGAR, CA 93453, USA",Flowering,Yes
207527343,https://www.inaturalist.org/observations/207527343,2024-04-15,research,Layia platyglossa,tidy tips,josharmo,"Carrizo Plain National Monument, Santa Margarita, CA, US",Flowering,Yes
207526582,https://www.inaturalist.org/observations/207526582,2024-04-15,research,Layia platyglossa,tidy tips,abirdfliesout,"SANTA MARGAR, CA 93453, USA",Flowering,Yes
207498555,https://www.inaturalist.org/observations/207498555,2024-04-15,research,Layia platyglossa,tidy tips,catfacedgirl,"Entradero Park, Torrance, CA, US",Flowering,Yes
207492723,https://www.inaturalist.org/observations/207492723,2024-04-09,research,Layia platyglossa,tidy tips,jammilk,"Carrizo Plain National Monument, Santa Margarita, CA, US",Flowering,Yes
207466575,https://www.inaturalist.org/observations/207466575,2024-04-15,research,Layia platyglossa,tidy tips,edge1422,"Burbank, CA 91505, USA",Flowering,Yes
207466352,https://www.inaturalist.org/observations/207466352,2024-04-15,research,Layia platyglossa,tidy tips,flaviaparotti,"Toloso Rd, Atascadero, CA, US",Flowering,Yes
207391154,https://www.inaturalist.org/observations/207391154,2024-04-13,research,Layia platyglossa,tidy tips,fcuadros,"SANTA MARGAR, CA 93453, USA",Flowering,Yes
207207536,https://www.inaturalist.org/observations/207207536,2024-04-14,research,Layia platyglossa,tidy tips,lydiaavidra,"Peck Road Water Conservation Park, Arcadia, CA, US",Flowering,Yes
207205552,https://www.inaturalist.org/observations/207205552,2024-04-14,research,Layia platyglossa,tidy tips,celdridge44,"Celine St, El Monte, CA, US",Flowering,Yes
207045879,https://www.inaturalist.org/observations/207045879,2024-04-13,research,Layia platyglossa,tidy tips,job12_7-10,"Hill and Canyon Area, Anaheim, CA, US",Flowering,Yes
207031116,https://www.inaturalist.org/observations/207031116,2024-04-13,research,Layia platyglossa,tidy tips,rob28226,"W Olympic Blvd, Los Angeles, CA, US",Flowering,Yes
206895385,https://www.inaturalist.org/observations/206895385,2024-04-12,research,Layia platyglossa,tidy tips,naturalizednet,"34th St, San Diego, CA, US",Flowering,Yes
206883423,https://www.inaturalist.org/observations/206883423,2024-04-08,research,Layia platyglossa,tidy tips,meljean,"Santa Catalina Island, Avalon, CA, US",Flowering,Yes
206875120,https://www.inaturalist.org/observations/206875120,2024-04-11,research,Layia platyglossa,tidy tips,courtney_m,"SANTA MARGAR, CA 93453, USA",Flowering,Yes
206839292,https://www.inaturalist.org/observations/206839292,2024-04-10,research,Layia platyglossa,tidy tips,deroseingv,"San Luis Obispo County, CA, USA",Flowering,Yes
206733170,https://www.inaturalist.org/observations/206733170,2024-04-11,research,Layia platyglossa,tidy tips,pholroyd,"SANTA MARGAR, CA 93453, USA",Flowering,Yes
206732700,https://www.inaturalist.org/observations/206732700,2024-04-11,research,Layia platyglossa,tidy tips,guynaturalist,"Mission Trails Regional Park, San Diego, CA, US",Flowering,Yes
206725823,https://www.inaturalist.org/observations/206725823,2024-04-11,research,Layia platyglossa,tidy tips,buttonsb,"Carrizo Plain National Monument, Santa Margarita, CA, US",Flowering,Yes
206716218,https://www.inaturalist.org/observations/206716218,2024-04-05,research,Layia platyglossa,tidy tips,jiovanny,"Rancho Palos Verdes, CA, USA",Flowering,Yes
206706311,https://www.inaturalist.org/observations/206706311,2024-04-11,research,Layia platyglossa,tidy tips,sshigenaga,"Seven Mile Rd, Santa Margarita, CA, US",Flowering,Yes
206702881,https://www.inaturalist.org/observations/206702881,2021-04-02,research,Layia platyglossa,tidy tips,kenzy1759,"San Dieguito River Park, Ramona, CA, US",Flowering,Yes
206701159,https://www.inaturalist.org/observations/206701159,2024-04-08,research,Layia platyglossa,tidy tips,deroseingv,"San Luis Obispo County, CA, USA",Flowering,Yes
206699610,https://www.inaturalist.org/observations/206699610,2024-04-08,research,Layia platyglossa,tidy tips,deroseingv,"San Luis Obispo County, CA, USA",Flowering,Yes
206689484,https://www.inaturalist.org/observations/206689484,2024-04-11,research,Layia platyglossa,tidy tips,frankly35,"SANTA MARGAR, CA 93453, USA",Flowering,Yes
206688319,https://www.inaturalist.org/observations/206688319,2024-04-10,research,Layia platyglossa,tidy tips,ellahorvath,"San Diego Zoo Safari Park, San Diego, CA, US",Flowering,Yes
206636182,https://www.inaturalist.org/observations/206636182,2024-04-09,research,Layia platyglossa,tidy tips,ramon61,"El Monte, CA 91732, USA",Flowering,Yes
206550105,https://www.inaturalist.org/observations/206550105,2024-03-28,research,Layia platyglossa,tidy tips,epikurewicz,"Carrizo Plain National Monument, Santa Margarita, CA 93453, USA",Flowering,Yes
206545733,https://www.inaturalist.org/observations/206545733,2024-04-10,research,Layia platyglossa,tidy tips,njjturner,"Los Angeles County, US-CA, US",Flowering,Yes
206527258,https://www.inaturalist.org/observations/206527258,2024-04-10,research,Layia platyglossa,tidy tips,ldrenth1,"Shell Creek Rd, Shandon, CA, US",Flowering,Yes
206526437,https://www.inaturalist.org/observations/206526437,2024-04-08,research,Layia platyglossa,tidy tips,vfgillis,"San Thomas Ct, Rancho Cucamonga, CA, US",Flowering,Yes
206499517,https://www.inaturalist.org/observations/206499517,2024-04-10,research,Layia platyglossa,tidy tips,dtokar,"Caroline Park, Redlands, CA, US",Flowering,Yes
206495072,https://www.inaturalist.org/observations/206495072,2024-04-08,research,Layia platyglossa,tidy tips,berbo,"Santa Catalina Island, Avalon, CA, US",Flowering,Yes
206303205,https://www.inaturalist.org/observations/206303205,2024-04-07,research,Layia platyglossa,tidy tips,andrew_verhague,"Apple Valley, CA, USA",Flowering,Yes
206301623,https://www.inaturalist.org/observations/206301623,2024-04-09,research,Layia platyglossa,tidy tips,jesshade,"Carrizo Plain National Monument, Santa Margarita, CA, US",Flowering,Yes
206255443,https://www.inaturalist.org/observations/206255443,2024-04-08,research,Layia platyglossa,tidy tips,lynnetruong,"Torrey Pines State Natural Reserve, San Diego, CA, US",Flowering,Yes
206211205,https://www.inaturalist.org/observations/206211205,2024-04-07,research,Layia platyglossa,tidy tips,botaniconn,"Carrizo Plain National Monument, Santa Margarita, CA, US",Flowering,Yes
206183323,https://www.inaturalist.org/observations/206183323,2024-04-08,research,Layia platyglossa,tidy tips,abbyvara,"Santiago Oaks Regional Park, Orange, CA, US",Flowering,Yes
206163917,https://www.inaturalist.org/observations/206163917,2024-04-06,research,Layia platyglossa,tidy tips,kerihardwick,"Carrizo Plain National Monument, CA, 93453, USA",Flowering,Yes
206155243,https://www.inaturalist.org/observations/206155243,2024-04-07,research,Layia platyglossa,tidy tips,mwkwebb,"SANTA MARGAR, CA 93453, USA",Flowering,Yes
206111243,https://www.inaturalist.org/observations/206111243,2024-04-08,research,Layia platyglossa,tidy tips,cynkuy,"Corona, CA 92882, USA",Flowering,Yes
206084864,https://www.inaturalist.org/observations/206084864,2024-03-31,research,Layia platyglossa,tidy tips,arthur85,"San Luis Obispo County, CA, USA",Flowering,Yes
206002258,https://www.inaturalist.org/observations/206002258,2024-04-07,research,Layia platyglossa,tidy tips,terrydad2,"Santa Monica Mountains National Recreation Area, Malibu, CA, US",Flowering,Yes
205996883,https://www.inaturalist.org/observations/205996883,2024-03-19,research,Layia platyglossa,tidy tips,vijaybarve,"South Los Angeles, Los Angeles, CA, USA",Flowering,Yes
205949315,https://www.inaturalist.org/observations/205949315,2024-04-07,research,Layia platyglossa,tidy tips,seancasabuena,"Lake Elsinore, CA, USA",Flowering,Yes
205865460,https://www.inaturalist.org/observations/205865460,2024-04-03,research,Layia platyglossa,tidy tips,adbarton,"Seven Mile Rd, Santa Margarita, CA, US",Flowering,Yes
205816186,https://www.inaturalist.org/observations/205816186,2024-03-31,research,Layia platyglossa,tidy tips,goflowers,"SANTA MARGAR, CA 93453, USA",Flowering,Yes
205815619,https://www.inaturalist.org/observations/205815619,2024-03-31,research,Layia platyglossa,tidy tips,goflowers,"SANTA MARGAR, CA 93453, USA",Flowering,Yes
205814192,https://www.inaturalist.org/observations/205814192,2024-03-31,research,Layia platyglossa,tidy tips,goflowers,"SANTA MARGAR, CA 93453, USA",Flowering,Yes
205794101,https://www.inaturalist.org/observations/205794101,2024-04-03,research,Layia platyglossa,tidy tips,jennfields,"San Luis Obispo, CA, US",Flowering,Yes
205779093,https://www.inaturalist.org/observations/205779093,2024-04-06,research,Layia platyglossa,tidy tips,jessicaeblack,New Cuyama,Flowering,Yes
205740852,https://www.inaturalist.org/observations/205740852,2024-03-20,research,Layia platyglossa,tidy tips,californiaaster,"Warner Avenue School, Los Angeles, CA, US",Flowering,Yes
205720649,https://www.inaturalist.org/observations/205720649,2024-04-06,research,Layia platyglossa,tidy tips,berndb,"Rancho Palos Verdes, CA, USA",Flowering,Yes
205713707,https://www.inaturalist.org/observations/205713707,2024-04-06,research,Layia platyglossa,tidy tips,pmumford,Santa Margarita,Flowering,Yes
205474229,https://www.inaturalist.org/observations/205474229,2024-03-25,research,Layia platyglossa,tidy tips,claudia007,"Carrizo Plain National Monument, Santa Margarita, CA, US",Flowering,Yes
205411642,https://www.inaturalist.org/observations/205411642,2024-04-04,research,Layia platyglossa,tidy tips,castorimorpha,"Highland Park, Los Angeles, CA, USA",Flowering,Yes
205337277,https://www.inaturalist.org/observations/205337277,2024-04-03,research,Layia platyglossa,tidy tips,njjturner,"San Luis Obispo County, CA, USA",Flowering,Yes
205335563,https://www.inaturalist.org/observations/205335563,2024-04-03,research,Layia platyglossa,tidy tips,jc4me70,"San Diego County, US-CA, US",Flowering,Yes
205323971,https://www.inaturalist.org/observations/205323971,2024-04-03,research,Layia platyglossa,tidy tips,chris_gort,"Cleveland National Forest, Ramona, CA, US",Flowering,Yes
205323553,https://www.inaturalist.org/observations/205323553,2024-03-31,research,Layia platyglossa,tidy tips,blobb,"CA-41, Shandon, CA, US",Flowering,Yes
205261128,https://www.inaturalist.org/observations/205261128,2024-03-31,research,Layia platyglossa,tidy tips,sophianothus,"San Luis Obispo County, CA, USA",Flowering,Yes
205256556,https://www.inaturalist.org/observations/205256556,2024-04-03,research,Layia platyglossa,tidy tips,abbybenson,"Menifee, CA 92585, USA",Flowering,Yes
205181360,https://www.inaturalist.org/observations/205181360,2024-04-02,research,Layia platyglossa,tidy tips,mkott,"Edgehill Ln, Redlands, CA, US",Flowering,Yes
205149466,https://www.inaturalist.org/observations/205149466,2024-04-02,research,Layia platyglossa,tidy tips,krici,"Moreno Valley, CA 92557, USA",Flowering,Yes
205098625,https://www.inaturalist.org/observations/205098625,2023-04-17,research,Layia platyglossa,tidy tips,wtueckmantel,"USA, California, San Diego County, La Jolla, Torrey Pines State Natural Reserve, Guy Fleming Trail",Flowering,Yes
205058235,https://www.inaturalist.org/observations/205058235,2024-04-01,research,Layia platyglossa,tidy tips,pocketmouse,"Shell Creek Rd, Shandon, CA, US",Flowering,Yes
204993898,https://www.inaturalist.org/observations/204993898,2024-04-01,research,Layia platyglossa,tidy tips,socal_angling,"Los Padres National Forest, New Cuyama, CA, US",Flowering,Yes
204880455,https://www.inaturalist.org/observations/204880455,2024-03-31,research,Layia platyglossa,tidy tips,gramannoyed,"Santa Monica Mountains National Recreation Area, Calabasas, CA, US",Flowering,Yes
204877857,https://www.inaturalist.org/observations/204877857,2024-03-31,research,Layia platyglossa,tidy tips,neontetraploid,"Peck Road Water Conservation Park, 5401 Peck Rd, Arcadia, CA 91006, USA",Flowering,Yes
204871885,https://www.inaturalist.org/observations/204871885,2024-03-31,research,Layia platyglossa,tidy tips,cwolfemerritt,"Los Angeles County, CA, USA",Flowering,Yes
204815418,https://www.inaturalist.org/observations/204815418,2024-03-31,research,Layia platyglossa,tidy tips,kiminca,"San Luis Obispo County, US-CA, US",Flowering,Yes
204785990,https://www.inaturalist.org/observations/204785990,2024-03-31,research,Layia platyglossa,tidy tips,sraskin,"Santa Ana Blvd, Oak View, CA, US",Flowering,Yes
204691296,https://www.inaturalist.org/observations/204691296,2024-03-29,research,Layia platyglossa,tidy tips,smfang,"Cleveland National Forest, Ramona, CA, US",Flowering,Yes
204663869,https://www.inaturalist.org/observations/204663869,2024-03-24,research,Layia platyglossa,tidy tips,bigsurwild,"Friends of the Fiscalini Ranch Preserve, Cambria, CA, US",Flowering,Yes
204629235,https://www.inaturalist.org/observations/204629235,2024-03-30,research,Layia platyglossa,tidy tips,biosfera_antropoceno,"Carrizo Plain National Monument, Santa Margarita, CA, US",Flowering,Yes
204613544,https://www.inaturalist.org/observations/204613544,2024-03-30,research,Layia platyglossa,tidy tips,adraucker,Atascadero,Flowering,Yes
204445858,https://www.inaturalist.org/observations/204445858,2024-03-29,research,Layia platyglossa,tidy tips,thesafarihiker,"Torrey Pines State Natural Reserve, San Diego, CA, US",Flowering,Yes
204330534,https://www.inaturalist.org/observations/204330534,2024-03-28,research,Layia platyglossa,tidy tips,andrewlyell,"Reservoir Canyon Open Space, San Luis Obispo, CA, US",Flowering,Yes
204320496,https://www.inaturalist.org/observations/204320496,2024-03-28,research,Layia platyglossa,tidy tips,russnamitz,"Carrizo Plain National Monument, Santa Margarita, CA, US",Flowering,Yes
204282242,https://www.inaturalist.org/observations/204282242,2024-03-28,research,Layia platyglossa,tidy tips,orobanche,"Sepulveda Basin Wildlife Reserve, 6350 Woodley Ave, Van Nuys, CA 91436, USA",Flowering,Yes
204055523,https://www.inaturalist.org/observations/204055523,2024-03-26,research,Layia platyglossa,tidy tips,nerdia33,"Callan Rd, San Diego, CA, US",Flowering,Yes
203941491,https://www.inaturalist.org/observations/203941491,2024-03-21,research,Layia platyglossa,tidy tips,glorialhall,"San Luis Obispo County, US-CA, US",Flowering,Yes
203941488,https://www.inaturalist.org/observations/203941488,2024-03-21,research,Layia platyglossa,tidy tips,glorialhall,"San Luis Obispo County, US-CA, US",Flowering,Yes
203909523,https://www.inaturalist.org/observations/203909523,2024-03-25,research,Layia platyglossa,tidy tips,dikdik,"San Luis Obispo County, US-CA, US",Flowering,Yes
203853996,https://www.inaturalist.org/observations/203853996,2024-03-24,research,Layia platyglossa,tidy tips,salvmell,"Mission Trail, Wildomar, CA, US",Flowering,Yes
203846775,https://www.inaturalist.org/observations/203846775,2024-03-24,research,Layia platyglossa,tidy tips,plants_bugs_dirt,"Carrizo Plain National Monument, Santa Margarita, CA, US",Flowering,Yes
203822785,https://www.inaturalist.org/observations/203822785,2024-03-24,research,Layia platyglossa,tidy tips,joselira4567,"El Cerro Dr, Buena Park, CA, US",Flowering,Yes
203798475,https://www.inaturalist.org/observations/203798475,2024-03-23,research,Layia platyglossa,tidy tips,judybright,"Orange County, US-CA, US",Flowering,Yes
203792043,https://www.inaturalist.org/observations/203792043,2024-03-24,research,Layia platyglossa,tidy tips,bumblebeetle,"San Luis Obispo County, CA, USA",Flowering,Yes
203761866,https://www.inaturalist.org/observations/203761866,2024-03-24,research,Layia platyglossa,tidy tips,cobwebthistle,"McKittrick, CA 93251, USA",Flowering,Yes
203680718,https://www.inaturalist.org/observations/203680718,2024-03-18,research,Layia platyglossa,tidy tips,cicipp,"Golden West-Ent Huntington Beach, Huntington Beach, CA 92647, USA",Flowering,Yes
203663113,https://www.inaturalist.org/observations/203663113,2024-03-23,research,Layia platyglossa,tidy tips,rdmitchell,"SANTA MARGAR, CA 93453, USA",Flowering,Yes
203659016,https://www.inaturalist.org/observations/203659016,2024-03-22,research,Layia platyglossa,tidy tips,oliverpatrick,"Shell Creek Rd, Shandon, CA, US",Flowering,Yes
203658851,https://www.inaturalist.org/observations/203658851,2024-03-22,research,Layia platyglossa,tidy tips,oliverpatrick,"Shell Creek Rd, Shandon, CA, US",Flowering,Yes
203658371,https://www.inaturalist.org/observations/203658371,2024-03-23,research,Layia platyglossa,tidy tips,shaunic,"Quail Valley, CA 92587, USA",Flowering,Yes
203651663,https://www.inaturalist.org/observations/203651663,2024-03-23,research,Layia platyglossa,tidy tips,paula_sternberg,"Chula Vista, CA 91910, USA",Flowering,Yes
203641909,https://www.inaturalist.org/observations/203641909,2024-03-22,research,Layia platyglossa,tidy tips,sjaeger,"San Luis Obispo County, US-CA, US",Flowering,Yes
203623085,https://www.inaturalist.org/observations/203623085,2024-03-22,research,Layia platyglossa,tidy tips,adaman797,"Walgrove Elementary, Los Angeles, CA, US",Flowering,Yes
203540021,https://www.inaturalist.org/observations/203540021,2024-03-22,research,Layia platyglossa,tidy tips,kimaceae,"Hemet, CA, US",Flowering,Yes
203529431,https://www.inaturalist.org/observations/203529431,2024-03-22,research,Layia platyglossa,tidy tips,cwyse,Palmdale,Flowering,Yes
203491570,https://www.inaturalist.org/observations/203491570,2024-03-21,research,Layia platyglossa,tidy tips,littlegrove,"Palmdale, CA 93552, USA",Flowering,Yes
203478636,https://www.inaturalist.org/observations/203478636,2024-03-22,research,Layia platyglossa,tidy tips,topazbio_tg,"Potrero, CA, US",Flowering,Yes
203242899,https://www.inaturalist.org/observations/203242899,2024-03-19,research,Layia platyglossa,tidy tips,clifechris,"Shell Creek Rd, Santa Margarita, CA, US",Flowering,Yes
203130132,https://www.inaturalist.org/observations/203130132,2024-03-19,research,Layia platyglossa,tidy tips,jamierosenthal,"Westside, Santa Barbara, CA, USA",Flowering,Yes
203064792,https://www.inaturalist.org/observations/203064792,2024-03-18,research,Layia platyglossa,tidy tips,turtlocity,"San Pasqual Valley, San Diego, CA, USA",Flowering,Yes
203030622,https://www.inaturalist.org/observations/203030622,2024-03-18,research,Layia platyglossa,tidy tips,chelebee,San Diego,Flowering,Yes
202977016,https://www.inaturalist.org/observations/202977016,2024-03-17,research,Layia platyglossa,tidy tips,ingorenner,"Torrey Pines State Natural Reserve, San Diego, CA, US",Flowering,Yes
202881876,https://www.inaturalist.org/observations/202881876,2024-03-17,research,Layia platyglossa,tidy tips,kboehlert,"Los Angeles County, US-CA, US",Flowering,Yes
202756339,https://www.inaturalist.org/observations/202756339,2024-03-16,research,Layia platyglossa,tidy tips,kylephyte,"Los Angeles County, CA, USA",Flowering,Yes
202692449,https://www.inaturalist.org/observations/202692449,2024-03-16,research,Layia platyglossa,tidy tips,plantyplants,"Santa Ana Rd, Ventura, CA, US",Flowering,Yes
202691863,https://www.inaturalist.org/observations/202691863,2024-03-16,research,Layia platyglossa,tidy tips,danscape,"Santa Ana Rd, Ventura, CA, US",Flowering,Yes
202467667,https://www.inaturalist.org/observations/202467667,2024-03-14,research,Layia platyglossa,tidy tips,okiepocus,"UCLA Mildred E. Mathias Botanical Garden, Los Angeles, CA, US",Flowering,Yes
202368589,https://www.inaturalist.org/observations/202368589,2024-03-13,research,Layia platyglossa,tidy tips,rockpaperstar11,"Carrizo Plain National Monument, Santa Margarita, CA, US",Flowering,Yes
202333218,https://www.inaturalist.org/observations/202333218,2024-03-13,research,Layia platyglossa,tidy tips,botanydude80,"Carrizo Plain National Monument, Santa Margarita, CA, US",Flowering,Yes
202245395,https://www.inaturalist.org/observations/202245395,2024-03-12,research,Layia platyglossa,tidy tips,david99,"Riverside County, CA, USA",Flowering,Yes
201792921,https://www.inaturalist.org/observations/201792921,2024-03-08,research,Layia platyglossa,tidy tips,awiese,"Callan Rd, San Diego, CA, US",Flowering,Yes
201413421,https://www.inaturalist.org/observations/201413421,2024-03-05,research,Layia platyglossa,tidy tips,jasonjourneyman,"W Silver Lake Dr, Los Angeles, CA, US",Flowering,Yes
200946852,https://www.inaturalist.org/observations/200946852,2023-03-22,research,Layia platyglossa,tidy tips,kristenmister,"California, US",Flowering,Yes
200682908,https://www.inaturalist.org/observations/200682908,2024-02-26,research,Layia platyglossa,tidy tips,aquaticmarlon,"Mt. San Antonio College, Walnut, CA, US",Flowering,Yes
200674035,https://www.inaturalist.org/observations/200674035,2024-02-27,research,Layia platyglossa,tidy tips,entomotoria,"Palmdale, CA 93550, USA",Flowering,Yes
200423530,https://www.inaturalist.org/observations/200423530,2024-02-25,research,Layia platyglossa,tidy tips,radchap,"Strathmore Dr, Santee, CA, US",Flowering,Yes
200147631,https://www.inaturalist.org/observations/200147631,2024-02-22,research,Layia platyglossa,tidy tips,blake911,"Los Angeles County, CA, USA",Flowering,Yes
199824070,https://www.inaturalist.org/observations/199824070,2024-02-19,research,Layia platyglossa,tidy tips,ericbg2,"Blue Mountain Trail, Grand Terrace, CA, US",Flowering,Yes
199762984,https://www.inaturalist.org/observations/199762984,2024-02-18,research,Layia platyglossa,tidy tips,hikingbirder,"Shedera Rd, Lake Elsinore, CA, US",Flowering,Yes
199470809,https://www.inaturalist.org/observations/199470809,2024-02-14,research,Layia platyglossa,tidy tips,jeremy_rios,"N Twin Oaks Valley Rd, San Marcos, CA, US",Flowering,Yes
199409578,https://www.inaturalist.org/observations/199409578,2024-02-15,research,Layia platyglossa,tidy tips,bill894,"Camp Pendleton North, CA, USA",Flowering,Yes
198848944,https://www.inaturalist.org/observations/198848944,2023-04-22,research,Layia platyglossa,tidy tips,cpmaceface,"Location: 35.183100, -119.843400",Flowering,Yes
196719986,https://www.inaturalist.org/observations/196719986,2023-03-25,research,Layia platyglossa,tidy tips,matthew_salkiewicz,"Diamond Valley Lake, Hemet, California",Flowering,Yes
194773589,https://www.inaturalist.org/observations/194773589,2023-12-24,research,Layia platyglossa,tidy tips,yessicuhhh,"Dove Canyon, Rancho Santa Margarita, CA, US",Flowering,Yes
194050493,https://www.inaturalist.org/observations/194050493,2023-12-15,research,Layia platyglossa,tidy tips,wsdevlin917,"Torrey Pines State Natural Reserve, San Diego, CA, US",Flowering,Yes
193975356,https://www.inaturalist.org/observations/193975356,2023-04-11,research,Layia platyglossa,tidy tips,sandip_bhattacharya_o,"Shell Creek Road, CA",Flowering,Yes
193243792,https://www.inaturalist.org/observations/193243792,2023-04-22,research,Layia platyglossa,tidy tips,lonesomebuckwheat,"Shell Creek Rd, Shandon, CA, US",Flowering,Yes
192823154,https://www.inaturalist.org/observations/192823154,2023-03-06,research,Layia platyglossa,tidy tips,trevvan,"San Luis Obispo County, CA, USA",Flowering,Yes
192780058,https://www.inaturalist.org/observations/192780058,2021-03-22,research,Layia platyglossa,tidy tips,kawriver,"San Luis Obispo County, CA, USA",Flowering,Yes
192423622,https://www.inaturalist.org/observations/192423622,2023-04-30,research,Layia platyglossa,tidy tips,calzones,"Santa Catalina Island, Avalon, CA, US",Flowering,Yes
192422820,https://www.inaturalist.org/observations/192422820,2023-04-29,research,Layia platyglossa,tidy tips,calzones,"Santa Catalina Island, Avalon, CA, US",Flowering,Yes
192422709,https://www.inaturalist.org/observations/192422709,2023-04-29,research,Layia platyglossa,tidy tips,calzones,"Santa Catalina Island, Avalon, CA, US",Flowering,Yes
191291646,https://www.inaturalist.org/observations/191291646,2023-11-17,research,Layia platyglossa,tidy tips,always_immer,"Los Angeles, CA 91604, USA",Flowering,Yes
190342137,https://www.inaturalist.org/observations/190342137,2023-11-07,research,Layia platyglossa,tidy tips,legofinch,"Acton, CA, US",Flowering,Yes
184484710,https://www.inaturalist.org/observations/184484710,2023-03-19,research,Layia platyglossa,tidy tips,carmencoyote,"San Luis Obispo County, US-CA, US",Flowering,Yes
181645906,https://www.inaturalist.org/observations/181645906,2022-06-10,research,Layia platyglossa,tidy tips,deezeewye,"Orange County, CA, USA",Flowering,Yes
179218992,https://www.inaturalist.org/observations/179218992,2023-06-28,research,Layia platyglossa,tidy tips,nutsaboutkitties,"O'Melveny Park, Los Angeles, CA, US",Flowering,Yes
177031772,https://www.inaturalist.org/observations/177031772,2023-04-25,research,Layia platyglossa,tidy tips,t-w-carson,"Riverside, California, United States",Flowering,Yes
176724180,https://www.inaturalist.org/observations/176724180,2023-04-21,research,Layia platyglossa,tidy tips,t-w-carson,"San Luis Obispo County, CA, USA",Flowering,Yes
176695462,https://www.inaturalist.org/observations/176695462,2023-04-22,research,Layia platyglossa,tidy tips,rjarquin,"San Clemente Island Underwater Range, CA, US",Flowering,Yes
175451156,https://www.inaturalist.org/observations/175451156,2023-07-28,research,Layia platyglossa,tidy tips,lbevanc,Los Angeles,Flowering,Yes
175285542,https://www.inaturalist.org/observations/175285542,2023-07-27,research,Layia platyglossa,tidy tips,fiddletunes,Morro Bay,Flowering,Yes
175201783,https://www.inaturalist.org/observations/175201783,2023-05-07,research,Layia platyglossa,tidy tips,pampatterson,Ramona,Flowering,Yes
174986967,https://www.inaturalist.org/observations/174986967,2023-04-05,research,Layia platyglossa,tidy tips,jamesromero34,"San Jacinto Wildlife Area, Moreno Valley, CA, US",Flowering,Yes
173876193,https://www.inaturalist.org/observations/173876193,2023-07-19,research,Layia platyglossa,tidy tips,dgrimmphd,"San Luis Obispo County, CA, USA",Flowering,Yes
173842595,https://www.inaturalist.org/observations/173842595,2023-06-04,research,Layia platyglossa,tidy tips,aleram03,Chino Hills,Flowering,Yes
172934560,https://www.inaturalist.org/observations/172934560,2023-05-12,research,Layia platyglossa,tidy tips,macciecheese,"SANTA MARGAR, CA 93453, USA",Flowering,Yes
171852920,https://www.inaturalist.org/observations/171852920,2023-05-01,research,Layia platyglossa,tidy tips,walkabata,"La Jolla, San Diego, CA, USA",Flowering,Yes
171124043,https://www.inaturalist.org/observations/171124043,2023-07-04,research,Layia platyglossa,tidy tips,pocketmouse,"Friends of the Fiscalini Ranch Preserve, Cambria, CA, US",Flowering,Yes
171123770,https://www.inaturalist.org/observations/171123770,2023-07-04,research,Layia platyglossa,tidy tips,pocketmouse,"Friends of the Fiscalini Ranch Preserve, Cambria, CA, US",Flowering,Yes
170220669,https://www.inaturalist.org/observations/170220669,2022-03-17,research,Layia platyglossa,tidy tips,thesafarihiker,"Riverside County, CA, USA",Flowering,Yes
169885410,https://www.inaturalist.org/observations/169885410,2023-06-27,research,Layia platyglossa,tidy tips,ocmelissa,"Turtle Rock, Irvine, CA, USA",Flowering,Yes
169828154,https://www.inaturalist.org/observations/169828154,2023-04-21,research,Layia platyglossa,tidy tips,alisonjoy23,"Kabian Park, Riverside County, US-CA, US",Flowering,Yes
169827882,https://www.inaturalist.org/observations/169827882,2023-04-21,research,Layia platyglossa,tidy tips,alisonjoy23,"Kabian Park, Riverside County, US-CA, US",Flowering,Yes
169827677,https://www.inaturalist.org/observations/169827677,2023-04-21,research,Layia platyglossa,tidy tips,alisonjoy23,"Kabian Park, Riverside County, US-CA, US",Flowering,Yes
169482197,https://www.inaturalist.org/observations/169482197,2023-05-13,research,Layia platyglossa,tidy tips,patita23,"Cuyamaca Rancho State Park, Descanso, CA, US",Flowering,Yes
169426666,https://www.inaturalist.org/observations/169426666,2023-04-23,research,Layia platyglossa,tidy tips,sweiser,"Soda Lake Rd, Santa Margarita, CA, US",Flowering,Yes
169371974,https://www.inaturalist.org/observations/169371974,2023-06-22,research,Layia platyglossa,tidy tips,quercusboletus,"Channel Islands National Park, Channel Islands, Santa Barbara County, US-CA, US",Flowering,Yes
169120992,https://www.inaturalist.org/observations/169120992,2023-04-23,research,Layia platyglossa,tidy tips,sweiser,"Carrizo Plain National Monument, Santa Margarita, CA, US",Flowering,Yes
168679140,https://www.inaturalist.org/observations/168679140,2023-05-07,research,Layia platyglossa,tidy tips,ekoberle,"Cleveland National Forest, Lake Elsinore, CA, US",Flowering,Yes
168116000,https://www.inaturalist.org/observations/168116000,2023-04-12,research,Layia platyglossa,tidy tips,abudnik,"San Luis Obispo County, US-CA, US",Flowering,Yes
167798465,https://www.inaturalist.org/observations/167798465,2023-04-22,research,Layia platyglossa,tidy tips,avidhiker,"Los Peñasquitos Canyon Preserve, San Diego, CA, US",Flowering,Yes
167772727,https://www.inaturalist.org/observations/167772727,2023-04-01,research,Layia platyglossa,tidy tips,sierrabackup,"Santa Margarita, CA 93453, USA",Flowering,Yes
167602456,https://www.inaturalist.org/observations/167602456,2023-06-15,research,Layia platyglossa,tidy tips,jujuuubeee,"San Luis Obispo, CA, US",Flowering,Yes
167529065,https://www.inaturalist.org/observations/167529065,2023-06-14,research,Layia platyglossa,tidy tips,palomarbeth,"San Dieguito River Park, Ramona, CA, US",Flowering,Yes
167278340,https://www.inaturalist.org/observations/167278340,2023-06-13,research,Layia platyglossa,tidy tips,meganzoebarrett,"Friends of the Fiscalini Ranch Preserve, Cambria, CA, US",Flowering,Yes
167230403,https://www.inaturalist.org/observations/167230403,2023-06-13,research,Layia platyglossa,tidy tips,hcindyko,"2253 Earl St, Los Angeles, CA, US",Flowering,Yes
167106764,https://www.inaturalist.org/observations/167106764,2023-05-23,research,Layia platyglossa,tidy tips,jamespogue,"Los Angeles County, US-CA, US",Flowering,Yes
167030034,https://www.inaturalist.org/observations/167030034,2023-05-07,research,Layia platyglossa,tidy tips,alex_wentworth,"SANTA MARGAR, CA 93453, USA",Flowering,Yes
166889026,https://www.inaturalist.org/observations/166889026,2023-06-09,research,Layia platyglossa,tidy tips,materqueen,"Ventura, CA, USA",Flowering,Yes
166660913,https://www.inaturalist.org/observations/166660913,2023-06-10,research,Layia platyglossa,tidy tips,pezvela01,"San Dieguito River Park, Escondido, CA, US",Flowering,Yes
166356873,https://www.inaturalist.org/observations/166356873,2023-05-29,research,Layia platyglossa,tidy tips,bjones7777,"Riverside County, CA, USA",Flowering,Yes
166320114,https://www.inaturalist.org/observations/166320114,2023-06-06,research,Layia platyglossa,tidy tips,possiblybuddha,"Channel Islands National Park, CA, US",Flowering,Yes
166284142,https://www.inaturalist.org/observations/166284142,2023-06-08,research,Layia platyglossa,tidy tips,drubow,"Lompoc, CA, US",Flowering,Yes
166273852,https://www.inaturalist.org/observations/166273852,2023-06-06,research,Layia platyglossa,tidy tips,possiblybuddha,"Channel Islands National Park, CA, US",Flowering,Yes
166196221,https://www.inaturalist.org/observations/166196221,2023-06-02,research,Layia platyglossa,tidy tips,tchester,"Riverside County, CA, USA",Flowering,Yes
166112354,https://www.inaturalist.org/observations/166112354,2023-05-25,research,Layia platyglossa,tidy tips,aaldous,"Julian, CA 92036, USA",Flowering,Yes
166076404,https://www.inaturalist.org/observations/166076404,2023-04-21,research,Layia platyglossa,tidy tips,sunilwij,"San Luis Obispo County, CA, USA",Flowering,Yes
165995676,https://www.inaturalist.org/observations/165995676,2023-04-28,research,Layia platyglossa,tidy tips,yerbasanta,"****San Luis Obispo County, CA, USA",Flowering,Yes
165730796,https://www.inaturalist.org/observations/165730796,2023-06-04,research,Layia platyglossa,tidy tips,turkishvulture,"San Luis Obispo, CA 93401, USA",Flowering,Yes
165573750,https://www.inaturalist.org/observations/165573750,2023-06-02,research,Layia platyglossa,tidy tips,lagoondon,"Riverside County, CA, USA",Flowering,Yes
165451096,https://www.inaturalist.org/observations/165451096,2023-05-27,research,Layia platyglossa,tidy tips,madily,"San Luis Obispo County, CA, USA",Flowering,Yes
165260939,https://www.inaturalist.org/observations/165260939,2023-06-02,research,Layia platyglossa,tidy tips,wiley1,"San Bernardino National Forest, Mountain Center, CA, US",Flowering,Yes
165163885,https://www.inaturalist.org/observations/165163885,2023-04-22,research,Layia platyglossa,tidy tips,cocobruin,"San Diego, California, United States",Flowering,Yes
164841179,https://www.inaturalist.org/observations/164841179,2023-05-31,research,Layia platyglossa,tidy tips,stevie_steele,"San Elijo Lagoon Ecological Reserve, Rancho Santa Fe, CA, US",Flowering,Yes
164828489,https://www.inaturalist.org/observations/164828489,2023-05-31,research,Layia platyglossa,tidy tips,gnarrillo,Chino Hills,Flowering,Yes
164580196,https://www.inaturalist.org/observations/164580196,2023-05-29,research,Layia platyglossa,tidy tips,gtsueng,South Fortuna Trail,Flowering,Yes
164347591,https://www.inaturalist.org/observations/164347591,2023-05-07,research,Layia platyglossa,tidy tips,alex_wentworth,"SANTA MARGAR, CA 93453, USA",Flowering,Yes
164290306,https://www.inaturalist.org/observations/164290306,2023-05-28,research,Layia platyglossa,tidy tips,bionerd,"Torrey Pines State Natural Reserve, San Diego, CA, US",Flowering,Yes
164141402,https://www.inaturalist.org/observations/164141402,2023-05-27,research,Layia platyglossa,tidy tips,anudibranchmom,"San Luis Obispo, CA, US",Flowering,Yes
164100017,https://www.inaturalist.org/observations/164100017,2023-05-27,research,Layia platyglossa,tidy tips,havocpigeon,"Encinitas, CA, USA",Flowering,Yes
164088473,https://www.inaturalist.org/observations/164088473,2023-05-27,research,Layia platyglossa,tidy tips,californiarowan,"W Silver Lake Dr, Los Angeles, CA, US",Flowering,Yes
164060046,https://www.inaturalist.org/observations/164060046,2023-05-27,research,Layia platyglossa,tidy tips,emigen7337,"Solana Beach, CA 92075, USA",Flowering,Yes
163905754,https://www.inaturalist.org/observations/163905754,2023-05-26,research,Layia platyglossa,tidy tips,marleypeifer,"Mission Trails Regional Park, San Diego, CA, US",Flowering,Yes
163755941,https://www.inaturalist.org/observations/163755941,2023-05-21,research,Layia platyglossa,tidy tips,mhrains,"San Diego County, CA, USA",Flowering,Yes
163751920,https://www.inaturalist.org/observations/163751920,2023-05-21,research,Layia platyglossa,tidy tips,mhrains,"San Diego County, CA, USA",Flowering,Yes
163690369,https://www.inaturalist.org/observations/163690369,2023-05-25,research,Layia platyglossa,tidy tips,frigata,"Cayucos Creek Rd, Cayucos, CA, US",Flowering,Yes
163592276,https://www.inaturalist.org/observations/163592276,2023-05-24,research,Layia platyglossa,tidy tips,bigsurwild,"Friends of the Fiscalini Ranch Preserve, Cambria, CA, US",Flowering,Yes
163215749,https://www.inaturalist.org/observations/163215749,2023-05-19,research,Layia platyglossa,tidy tips,gretchen2,"Goleta, CA, US",Flowering,Yes
163190130,https://www.inaturalist.org/observations/163190130,2023-05-22,research,Layia platyglossa,tidy tips,jsriley1984,"Otay Mesa, San Diego, CA, US",Flowering,Yes
163073072,https://www.inaturalist.org/observations/163073072,2023-03-26,research,Layia platyglossa,tidy tips,llochner,"Camatta Creek Rd, Santa Margarita, CA, US",Flowering,Yes
163003807,https://www.inaturalist.org/observations/163003807,2023-05-17,research,Layia platyglossa,tidy tips,quandary,"Morris Ranch Rd, California 92561, USA",Flowering,Yes
162971144,https://www.inaturalist.org/observations/162971144,2023-05-10,research,Layia platyglossa,tidy tips,thesafarihiker,"Corona, CA, USA",Flowering,Yes
162945100,https://www.inaturalist.org/observations/162945100,2023-05-21,research,Layia platyglossa,tidy tips,tim1313,"San Diego County, US-CA, US",Flowering,Yes
162818271,https://www.inaturalist.org/observations/162818271,2023-05-20,research,Layia platyglossa,tidy tips,aaron_echols,"Channel Islands National Park, Channel Islands, Santa Barbara County, US-CA, US",Flowering,Yes
162815967,https://www.inaturalist.org/observations/162815967,2023-04-27,research,Layia platyglossa,tidy tips,datafoya2314,"Elings Park, Santa Barbara, CA, US",Flowering,Yes
162812931,https://www.inaturalist.org/observations/162812931,2023-05-20,research,Layia platyglossa,tidy tips,aheyman1,"Belmont Trail, Santa Margarita, CA, US",Flowering,Yes
162788015,https://www.inaturalist.org/observations/162788015,2023-03-30,research,Layia platyglossa,tidy tips,catullus,"San Luis Obispo County, CA, USA",Flowering,Yes
162788014,https://www.inaturalist.org/observations/162788014,2023-03-30,research,Layia platyglossa,tidy tips,catullus,"San Luis Obispo County, CA, USA",Flowering,Yes
162788012,https://www.inaturalist.org/observations/162788012,2023-03-30,research,Layia platyglossa,tidy tips,catullus,"San Luis Obispo County, CA, USA",Flowering,Yes
162716155,https://www.inaturalist.org/observations/162716155,2023-05-20,research,Layia platyglossa,tidy tips,mh56,"Friends of the Fiscalini Ranch Preserve, Cambria, CA, US",Flowering,Yes
162704683,https://www.inaturalist.org/observations/162704683,2023-05-20,research,Layia platyglossa,tidy tips,catalina184,"Angeles National Forest, Wrightwood, CA, US",Flowering,Yes
162605678,https://www.inaturalist.org/observations/162605678,2023-05-08,research,Layia platyglossa,tidy tips,garth_harwood,"San Luis Obispo County, CA, USA",Flowering,Yes
162587219,https://www.inaturalist.org/observations/162587219,2023-05-18,research,Layia platyglossa,tidy tips,danielleparsons,"Descanso, CA 91916, USA",Flowering,Yes
162388063,https://www.inaturalist.org/observations/162388063,2023-05-18,research,Layia platyglossa,tidy tips,jenny454,"S El Molino Ave, Pasadena, CA, US",Flowering,Yes
162226697,https://www.inaturalist.org/observations/162226697,2023-05-17,research,Layia platyglossa,tidy tips,linneah848,"Lakeside, CA, US",Flowering,Yes
162221806,https://www.inaturalist.org/observations/162221806,2023-05-06,research,Layia platyglossa,tidy tips,nmoorhatch,"Santa Margarita, CA, US",Flowering,Yes
162207610,https://www.inaturalist.org/observations/162207610,2023-05-16,research,Layia platyglossa,tidy tips,james_boyd,"Grand Terrace, CA, USA",Flowering,Yes
162160162,https://www.inaturalist.org/observations/162160162,2023-05-17,research,Layia platyglossa,tidy tips,jraleigh,"Liberty Station, San Diego, CA, US",Flowering,Yes
162073486,https://www.inaturalist.org/observations/162073486,2023-04-11,research,Layia platyglossa,tidy tips,heyfrench,"Carrizo Plain National Monument, Santa Margarita, CA, US",Flowering,Yes
161999630,https://www.inaturalist.org/observations/161999630,2023-05-13,research,Layia platyglossa,tidy tips,james_boyd,"Ojai, CA 93023, USA",Flowering,Yes
161980582,https://www.inaturalist.org/observations/161980582,2023-05-14,research,Layia platyglossa,tidy tips,lszterrill,"Santa Margarita, CA 93453, USA",Flowering,Yes
161927756,https://www.inaturalist.org/observations/161927756,2023-05-10,research,Layia platyglossa,tidy tips,naturephotosuze,"Lake Balboa, Los Angeles, CA, USA",Flowering,Yes
161816175,https://www.inaturalist.org/observations/161816175,2023-05-15,research,Layia platyglossa,tidy tips,robione,"San Dieguito River Park, San Diego, CA, US",Flowering,Yes
161763510,https://www.inaturalist.org/observations/161763510,2023-05-14,research,Layia platyglossa,tidy tips,shaunic,"Ramona, CA 92065, USA",Flowering,Yes
161747457,https://www.inaturalist.org/observations/161747457,2023-05-14,research,Layia platyglossa,tidy tips,jon-templeman,"Carrizo Plain National Monument, Santa Margarita, CA, US",Flowering,Yes
161709403,https://www.inaturalist.org/observations/161709403,2023-05-14,research,Layia platyglossa,tidy tips,roseannmillward,"San Gabriel Rd, Atascadero, CA, US",Flowering,Yes
161646248,https://www.inaturalist.org/observations/161646248,2023-05-06,research,Layia platyglossa,tidy tips,ricamccoy,"I-15 N, Fallbrook, CA, US",Flowering,Yes
161631382,https://www.inaturalist.org/observations/161631382,2023-05-13,research,Layia platyglossa,tidy tips,madily,"Riverside County, CA, USA",Flowering,Yes
161631365,https://www.inaturalist.org/observations/161631365,2023-05-13,research,Layia platyglossa,tidy tips,madily,"Riverside County, CA, USA",Flowering,Yes
161631313,https://www.inaturalist.org/observations/161631313,2023-05-13,research,Layia platyglossa,tidy tips,madily,"Riverside County, CA, USA",Flowering,Yes
161470115,https://www.inaturalist.org/observations/161470115,2023-05-13,research,Layia platyglossa,tidy tips,christybeck,"Cleveland National Forest, Descanso, CA, US",Flowering,Yes
161468187,https://www.inaturalist.org/observations/161468187,2023-05-13,research,Layia platyglossa,tidy tips,ameliabrooke,"Meridian St, Los Angeles, CA, US",Flowering,Yes
161447800,https://www.inaturalist.org/observations/161447800,2023-05-13,research,Layia platyglossa,tidy tips,chyland,"San Elijo Lagoon Ecological Reserve, Encinitas, CA, US",Flowering,Yes
161429777,https://www.inaturalist.org/observations/161429777,2023-05-12,research,Layia platyglossa,tidy tips,marzduffy,"Ah-Ha-Kwe-Ah-Mac/Stonewall Mine Cultural Preserve, Descanso, CA, US",Flowering,Yes
161414490,https://www.inaturalist.org/observations/161414490,2023-05-12,research,Layia platyglossa,tidy tips,amfatone,"Friends of the Fiscalini Ranch Preserve, Cambria, CA, US",Flowering,Yes
161330145,https://www.inaturalist.org/observations/161330145,2023-04-20,research,Layia platyglossa,tidy tips,hgutknecht,"Mission Trails Regional Park, San Diego, CA, US",Flowering,Yes
161321894,https://www.inaturalist.org/observations/161321894,2023-05-12,research,Layia platyglossa,tidy tips,larryhendrickson,"Ah-Ha-Kwe-Ah-Mac/Stonewall Mine Cultural Preserve, Descanso, CA, US",Flowering,Yes
161300556,https://www.inaturalist.org/observations/161300556,2023-05-12,research,Layia platyglossa,tidy tips,jrebman,"North Pacific Ocean, CA, US",Flowering,Yes
161300263,https://www.inaturalist.org/observations/161300263,2023-04-05,research,Layia platyglossa,tidy tips,t-w-carson,"Lake Elsinore, CA 92532, USA",Flowering,Yes
161295646,https://www.inaturalist.org/observations/161295646,2023-05-12,research,Layia platyglossa,tidy tips,caroline80126,"Cambria, CA, USA",Flowering,Yes
161274307,https://www.inaturalist.org/observations/161274307,2023-05-12,research,Layia platyglossa,tidy tips,mickelthepickle,"Ah-Ha-Kwe-Ah-Mac/Stonewall Mine Cultural Preserve, Descanso, CA, US",Flowering,Yes
161274105,https://www.inaturalist.org/observations/161274105,2023-05-12,research,Layia platyglossa,tidy tips,lexine_schroeder,"Julian, CA 92036, USA",Flowering,Yes
161268171,https://www.inaturalist.org/observations/161268171,2023-04-24,research,Layia platyglossa,tidy tips,carolblaney,"San Luis Obispo County, CA, USA",Flowering,Yes
161263841,https://www.inaturalist.org/observations/161263841,2023-05-10,research,Layia platyglossa,tidy tips,madison_jordan,"Corona, CA 92883, USA",Flowering,Yes
161176563,https://www.inaturalist.org/observations/161176563,2023-05-10,research,Layia platyglossa,tidy tips,lunahuitron,"Riverside County, US-CA, US",Flowering,Yes
161136901,https://www.inaturalist.org/observations/161136901,2023-05-10,research,Layia platyglossa,tidy tips,lee1400,"Riverside County, US-CA, US",Flowering,Yes
161121471,https://www.inaturalist.org/observations/161121471,2023-05-11,research,Layia platyglossa,tidy tips,brentwc27,"Aliso and Wood Canyons Wilderness Park, Aliso Viejo, CA, US",Flowering,Yes
161072105,https://www.inaturalist.org/observations/161072105,2023-05-09,research,Layia platyglossa,tidy tips,datafoya2314,"Dover Rd, Santa Barbara, CA, US",Flowering,Yes
161035281,https://www.inaturalist.org/observations/161035281,2023-05-10,research,Layia platyglossa,tidy tips,dzhenzhang,"UCLA Mildred E. Mathias Botanical Garden, Los Angeles, CA, US",Flowering,Yes
161020732,https://www.inaturalist.org/observations/161020732,2023-05-09,research,Layia platyglossa,tidy tips,rjbaltierra,"SANTA MARGAR, CA 93453, USA",Flowering,Yes
161016965,https://www.inaturalist.org/observations/161016965,2023-05-10,research,Layia platyglossa,tidy tips,hsug1747,"Brand Canyon Open Space, Glendale, CA, US",Flowering,Yes
160997715,https://www.inaturalist.org/observations/160997715,2023-05-10,research,Layia platyglossa,tidy tips,jay775,"Riverside County, US-CA, US",Flowering,Yes
160980790,https://www.inaturalist.org/observations/160980790,2023-05-10,research,Layia platyglossa,tidy tips,smglca,"Los Angeles County, US-CA, US",Flowering,Yes
160970453,https://www.inaturalist.org/observations/160970453,2023-05-10,research,Layia platyglossa,tidy tips,jhernandez343,"Riverside County, US-CA, US",Flowering,Yes
160969734,https://www.inaturalist.org/observations/160969734,2023-05-10,research,Layia platyglossa,tidy tips,shireneh,"Corona, CA, US",Flowering,Yes
160966868,https://www.inaturalist.org/observations/160966868,2023-05-10,research,Layia platyglossa,tidy tips,cynkuy,"Riverside County, US-CA, US",Flowering,Yes
160941971,https://www.inaturalist.org/observations/160941971,2023-05-10,research,Layia platyglossa,tidy tips,kingcyborg21,"Riverside County, US-CA, US",Flowering,Yes
160925098,https://www.inaturalist.org/observations/160925098,2023-05-10,research,Layia platyglossa,tidy tips,pinkamanda,"Riverside County, US-CA, US",Flowering,Yes
160841310,https://www.inaturalist.org/observations/160841310,2023-05-07,research,Layia platyglossa,tidy tips,rgorcik,"Carrizo Plain National Monument, Santa Margarita, CA, US",Flowering,Yes
160700187,https://www.inaturalist.org/observations/160700187,2023-05-06,research,Layia platyglossa,tidy tips,spifferella,"San Diego County, CA, USA",Flowering,Yes
160700172,https://www.inaturalist.org/observations/160700172,2023-05-06,research,Layia platyglossa,tidy tips,spifferella,"San Diego County, CA, USA",Flowering,Yes
160639545,https://www.inaturalist.org/observations/160639545,2023-05-06,research,Layia platyglossa,tidy tips,silversea_starsong,"San Luis Obispo County, CA, USA",Flowering,Yes
160608545,https://www.inaturalist.org/observations/160608545,2023-05-08,research,Layia platyglossa,tidy tips,runforcandy,"Reservoir Canyon Open Space, San Luis Obispo, CA, US",Flowering,Yes
160585979,https://www.inaturalist.org/observations/160585979,2023-05-06,research,Layia platyglossa,tidy tips,snakeinmypocket,"San Diego County, CA, USA",Flowering,Yes
160567730,https://www.inaturalist.org/observations/160567730,2023-04-24,research,Layia platyglossa,tidy tips,rparker,"Cottonwood Canyon Rd, New Cuyama, CA, US",Flowering,Yes
160530361,https://www.inaturalist.org/observations/160530361,2023-05-06,research,Layia platyglossa,tidy tips,smfang,"San Dieguito River Park, San Diego, CA, US",Flowering,Yes
160473339,https://www.inaturalist.org/observations/160473339,2023-05-07,research,Layia platyglossa,tidy tips,brymalplants,"Cleveland National Forest, Ramona, CA, US",Flowering,Yes
160473300,https://www.inaturalist.org/observations/160473300,2023-05-07,research,Layia platyglossa,tidy tips,brymalplants,"Cleveland National Forest, Ramona, CA, US",Flowering,Yes
160473120,https://www.inaturalist.org/observations/160473120,2023-05-07,research,Layia platyglossa,tidy tips,ninabeatie,"Friends of the Fiscalini Ranch Preserve, Cambria, CA, US",Flowering,Yes
160465790,https://www.inaturalist.org/observations/160465790,2023-05-07,research,Layia platyglossa,tidy tips,eridanlover,"Skyline Cir, Fallbrook, CA, US",Flowering,Yes
160413277,https://www.inaturalist.org/observations/160413277,2023-04-20,research,Layia platyglossa,tidy tips,thesafarihiker,"San Luis Obispo County, CA, USA",Flowering,Yes
160383777,https://www.inaturalist.org/observations/160383777,2023-05-03,research,Layia platyglossa,tidy tips,mojavedon,"Riverside County, CA, USA",Flowering,Yes
160253167,https://www.inaturalist.org/observations/160253167,2023-04-10,research,Layia platyglossa,tidy tips,onyxrat,"San Luis Obispo County, CA, USA",Flowering,Yes
160245301,https://www.inaturalist.org/observations/160245301,2023-05-03,research,Layia platyglossa,tidy tips,madily,"San Diego County, CA, USA",Flowering,Yes
160240238,https://www.inaturalist.org/observations/160240238,2023-05-06,research,Layia platyglossa,tidy tips,hikingsandiego,"San Diego County, CA, USA",Flowering,Yes
160227970,https://www.inaturalist.org/observations/160227970,2023-05-06,research,Layia platyglossa,tidy tips,an_bui,"Carrizo Plain National Monument, Santa Margarita, CA, US",Flowering,Yes
160221619,https://www.inaturalist.org/observations/160221619,2023-05-06,research,Layia platyglossa,tidy tips,havocpigeon,"La Jolla, San Diego, CA, USA",Flowering,Yes
160211668,https://www.inaturalist.org/observations/160211668,2023-04-19,research,Layia platyglossa,tidy tips,thesafarihiker,"San Luis Obispo County, CA, USA",Flowering,Yes
160202507,https://www.inaturalist.org/observations/160202507,2023-05-06,research,Layia platyglossa,tidy tips,fhjoyce,"Carrizo Plain National Monument, Santa Margarita, CA, US",Flowering,Yes
160186192,https://www.inaturalist.org/observations/160186192,2023-05-06,research,Layia platyglossa,tidy tips,lostinthelandscape,"Mt Laguna, CA 91948, USA",Flowering,Yes
160185753,https://www.inaturalist.org/observations/160185753,2023-04-18,research,Layia platyglossa,tidy tips,thesafarihiker,"San Luis Obispo County, CA, USA",Flowering,Yes
160178083,https://www.inaturalist.org/observations/160178083,2023-05-06,research,Layia platyglossa,tidy tips,ashsee,"Mission Trails Regional Park, San Diego, CA, US",Flowering,Yes
160173983,https://www.inaturalist.org/observations/160173983,2023-05-06,research,Layia platyglossa,tidy tips,robertodesu,"California State University, Northridge, Los Angeles, CA, US",Flowering,Yes
160102256,https://www.inaturalist.org/observations/160102256,2023-04-22,research,Layia platyglossa,tidy tips,tiwane,"San Luis Obispo County, CA, USA",Flowering,Yes
160087106,https://www.inaturalist.org/observations/160087106,2023-05-06,research,Layia platyglossa,tidy tips,ricamccoy,"Old Hwy 395, Fallbrook, CA, US",Flowering,Yes
159985478,https://www.inaturalist.org/observations/159985478,2023-04-30,research,Layia platyglossa,tidy tips,sara_medina,"El Monte, CA 91732, USA",Flowering,Yes
159964182,https://www.inaturalist.org/observations/159964182,2023-05-05,research,Layia platyglossa,tidy tips,hstk,Yucaipa,Flowering,Yes
159799354,https://www.inaturalist.org/observations/159799354,2023-05-03,research,Layia platyglossa,tidy tips,mrsv1980,"San Dieguito River Park, San Diego, CA, US",Flowering,Yes
159749376,https://www.inaturalist.org/observations/159749376,2023-05-04,research,Layia platyglossa,tidy tips,gillygal,Long Beach,Flowering,Yes
159592295,https://www.inaturalist.org/observations/159592295,2023-04-30,research,Layia platyglossa,tidy tips,metzli_aniceto,"Moorpark, CA, US",Flowering,Yes
159574202,https://www.inaturalist.org/observations/159574202,2023-03-31,research,Layia platyglossa,tidy tips,ellacaraker,"San Luis Obispo County, CA, USA",Flowering,Yes
159560029,https://www.inaturalist.org/observations/159560029,2023-05-03,research,Layia platyglossa,tidy tips,cdowler,"Shell Creek Rd, Santa Margarita, CA, US",Flowering,Yes
159544365,https://www.inaturalist.org/observations/159544365,2023-05-03,research,Layia platyglossa,tidy tips,nationalforest,"Shandon, CA 93461, USA",Flowering,Yes
159522507,https://www.inaturalist.org/observations/159522507,2023-05-03,research,Layia platyglossa,tidy tips,jeh1030,Escondido,Flowering,Yes
159508920,https://www.inaturalist.org/observations/159508920,2023-05-03,research,Layia platyglossa,tidy tips,maddiemcewen,"Wendy and Leonard Goldberg Medical Building, Los Angeles, CA, US",Flowering,Yes
159380547,https://www.inaturalist.org/observations/159380547,2023-04-30,research,Layia platyglossa,tidy tips,smfang,"Cleveland National Forest, Alpine, CA, US",Flowering,Yes
159352059,https://www.inaturalist.org/observations/159352059,2023-04-24,research,Layia platyglossa,tidy tips,bigsurwild,"Cabrillo Hwy, Cambria, CA, US",Flowering,Yes
159341958,https://www.inaturalist.org/observations/159341958,2023-04-29,research,Layia platyglossa,tidy tips,u_phantasticus,"San Luis Obispo County, US-CA, US",Flowering,Yes
159341662,https://www.inaturalist.org/observations/159341662,2023-04-28,research,Layia platyglossa,tidy tips,yerbasanta,"San Luis Obispo County, CA, USA",Flowering,Yes
159301176,https://www.inaturalist.org/observations/159301176,2023-05-01,research,Layia platyglossa,tidy tips,kate_morozova,"SANTA MARGAR, CA 93453, USA",Flowering,Yes
159257597,https://www.inaturalist.org/observations/159257597,2023-04-30,research,Layia platyglossa,tidy tips,david99,"San Jacinto Wildlife Area, Moreno Valley, CA, US",No Evidence of Flowering,No
159222529,https://www.inaturalist.org/observations/159222529,2023-04-30,research,Layia platyglossa,tidy tips,billpalmer,"Verda Ave, Escondido, CA 92025, USA",Flowering,Yes
159198730,https://www.inaturalist.org/observations/159198730,2023-04-29,research,Layia platyglossa,tidy tips,lexine_schroeder,"Location: 32.975518, -116.681574",Flowering,Yes
159196888,https://www.inaturalist.org/observations/159196888,2023-04-26,research,Layia platyglossa,tidy tips,driftless_botanist,"SANTA MARGAR, CA 93453, USA",Flowering,Yes
159191454,https://www.inaturalist.org/observations/159191454,2023-04-29,research,Layia platyglossa,tidy tips,billpalmer,"Verda Ave, Escondido, CA 92025, USA",Flowering,Yes
159060113,https://www.inaturalist.org/observations/159060113,2023-04-20,research,Layia platyglossa,tidy tips,ana_raey,"Kern River County Park, Kern County, US-CA, US",Flowering,Yes
159052393,https://www.inaturalist.org/observations/159052393,2023-05-01,research,Layia platyglossa,tidy tips,andrewknguyen,"Natural History Museum of Los Angeles County, Los Angeles, CA, US",Flowering,Yes
159020020,https://www.inaturalist.org/observations/159020020,2023-05-01,research,Layia platyglossa,tidy tips,allisonpeters,"Reservoir Canyon Rd, San Luis Obispo, CA, US",Flowering,Yes
158956468,https://www.inaturalist.org/observations/158956468,2023-05-01,research,Layia platyglossa,tidy tips,zwahi,"Cuyamaca College, El Cajon, CA, US",Flowering,Yes
158937889,https://www.inaturalist.org/observations/158937889,2023-04-26,research,Layia platyglossa,tidy tips,gene70,"La Jolla, San Diego, CA, USA",Flowering,Yes
158851582,https://www.inaturalist.org/observations/158851582,2023-04-29,research,Layia platyglossa,tidy tips,anewmark,"San Luis Obispo County, CA, USA",Flowering,Yes
158732498,https://www.inaturalist.org/observations/158732498,2023-04-27,research,Layia platyglossa,tidy tips,debbiespinelli,"San Luis Obispo County, CA, USA",Flowering,Yes
158717059,https://www.inaturalist.org/observations/158717059,2023-05-01,research,Layia platyglossa,tidy tips,bryantc77,"Wildwood Regional Park, Thousand Oaks, CA, US",Flowering,Yes
158705059,https://www.inaturalist.org/observations/158705059,2023-04-28,research,Layia platyglossa,tidy tips,ron_123,"Carrizo Plain National Monument, San Luis Obispo County, US-CA, US",Flowering,Yes
158667341,https://www.inaturalist.org/observations/158667341,2023-04-30,research,Layia platyglossa,tidy tips,andy71,"Westwood, Los Angeles, CA, USA",Flowering,Yes
158522240,https://www.inaturalist.org/observations/158522240,2023-04-30,research,Layia platyglossa,tidy tips,tracylu,"SANTA MARGAR, CA 93453, USA",Flowering,Yes
158482754,https://www.inaturalist.org/observations/158482754,2023-04-30,research,Layia platyglossa,tidy tips,david99,"Riverside County, CA, USA",Flowering,Yes
158461234,https://www.inaturalist.org/observations/158461234,2023-04-30,research,Layia platyglossa,tidy tips,annienzelll,"Reservoir Canyon Open Space, San Luis Obispo, CA, US",Flowering,Yes
158456201,https://www.inaturalist.org/observations/158456201,2023-04-15,research,Layia platyglossa,tidy tips,lsiets,"San Luis Obispo County, CA, USA",Flowering,Yes
158450239,https://www.inaturalist.org/observations/158450239,2023-04-29,research,Layia platyglossa,tidy tips,mhrains,"San Diego County, CA, USA",Flowering,Yes
158439641,https://www.inaturalist.org/observations/158439641,2023-04-30,research,Layia platyglossa,tidy tips,ronvanderhoff,"Whiting Ranch Wilderness Park, Lake Forest, CA, US",Flowering,Yes
158434060,https://www.inaturalist.org/observations/158434060,2023-04-30,research,Layia platyglossa,tidy tips,ronvanderhoff,"Whiting Ranch Wilderness Park, Lake Forest, CA, US",Flowering,Yes
158398217,https://www.inaturalist.org/observations/158398217,2023-04-30,research,Layia platyglossa,tidy tips,efmer,"San Diego County, CA, USA",Flowering,Yes
158378080,https://www.inaturalist.org/observations/158378080,2023-04-29,research,Layia platyglossa,tidy tips,robynjensen,"Santa Margarita, CA, US",Flowering,Yes
158370965,https://www.inaturalist.org/observations/158370965,2023-04-30,research,Layia platyglossa,tidy tips,efmer,"San Diego County, CA, USA",Flowering,Yes
158370959,https://www.inaturalist.org/observations/158370959,2023-04-30,research,Layia platyglossa,tidy tips,efmer,"San Diego County, CA, USA",Flowering,Yes
158331104,https://www.inaturalist.org/observations/158331104,2023-04-30,research,Layia platyglossa,tidy tips,maddiemcewen,"UCLA, Los Angeles, CA, US",Flowering,Yes
158329999,https://www.inaturalist.org/observations/158329999,2023-04-29,research,Layia platyglossa,tidy tips,calliemack,"San Diego County, CA, USA",Flowering,Yes
158329997,https://www.inaturalist.org/observations/158329997,2023-04-29,research,Layia platyglossa,tidy tips,calliemack,"San Diego County, CA, USA",Flowering,Yes
158285914,https://www.inaturalist.org/observations/158285914,2023-04-30,research,Layia platyglossa,tidy tips,onewithbirds,"UCLA, Los Angeles, CA, US",Flowering,Yes
158258784,https://www.inaturalist.org/observations/158258784,2023-04-30,research,Layia platyglossa,tidy tips,maevetheseeker,San Luis Obispo,Flowering,Yes
158097263,https://www.inaturalist.org/observations/158097263,2023-04-28,research,Layia platyglossa,tidy tips,brody61,"California Botanic Garden, Claremont, CA, US",Flowering,Yes
157956387,https://www.inaturalist.org/observations/157956387,2023-04-29,research,Layia platyglossa,tidy tips,jordanwaits,"Anza-Borrego Desert State Park, Julian, CA, US",Flowering,Yes
157936418,https://www.inaturalist.org/observations/157936418,2023-04-29,research,Layia platyglossa,tidy tips,hogpotato,"10700 Escondido Canyon Rd, Agua Dulce, CA 91390, USA",Flowering,Yes
157888997,https://www.inaturalist.org/observations/157888997,2023-04-28,research,Layia platyglossa,tidy tips,yerbasanta,"San Luis Obispo County, CA, USA",Flowering,Yes
157860949,https://www.inaturalist.org/observations/157860949,2023-04-21,research,Layia platyglossa,tidy tips,susanaiguana,"Palmdale, CA, US",Flowering,Yes
157851369,https://www.inaturalist.org/observations/157851369,2023-04-28,research,Layia platyglossa,tidy tips,acastelein,"Cottonwood Canyon Rd, New Cuyama, CA, US",Flowering,Yes
157834017,https://www.inaturalist.org/observations/157834017,2023-04-29,research,Layia platyglossa,tidy tips,blake911,"Los Angeles County, US-CA, US",Flowering,Yes
157814429,https://www.inaturalist.org/observations/157814429,2023-04-29,research,Layia platyglossa,tidy tips,rowshan_art,"Anza-Borrego Desert, San Diego County, US-CA, US",Flowering,Yes
157784816,https://www.inaturalist.org/observations/157784816,2023-04-29,research,Layia platyglossa,tidy tips,rowshan_art,"Anza-Borrego Desert, San Diego County, US-CA, US",Flowering,Yes
157782878,https://www.inaturalist.org/observations/157782878,2023-04-29,research,Layia platyglossa,tidy tips,rowshan_art,"Anza-Borrego Desert, San Diego County, US-CA, US",Flowering,Yes
157747328,https://www.inaturalist.org/observations/157747328,2023-04-29,research,Layia platyglossa,tidy tips,ericamills33,"Cleveland National Forest, Descanso, CA, US",Flowering,Yes
157710714,https://www.inaturalist.org/observations/157710714,2023-04-29,research,Layia platyglossa,tidy tips,maryroseoleary,"N Figueroa St, Los Angeles, CA, US",Flowering,Yes
157701444,https://www.inaturalist.org/observations/157701444,2023-04-28,research,Layia platyglossa,tidy tips,clarawoodie,"Ardmore Park, Hermosa Beach, CA, US",Flowering,Yes
157690852,https://www.inaturalist.org/observations/157690852,2023-04-29,research,Layia platyglossa,tidy tips,earthpoems,"Santa Monica Mountains, Los Angeles, CA, US",Flowering,Yes
157665912,https://www.inaturalist.org/observations/157665912,2023-04-19,research,Layia platyglossa,tidy tips,shaul1,"Hemet, CA 92544, USA",Flowering,Yes
157658412,https://www.inaturalist.org/observations/157658412,2023-04-29,research,Layia platyglossa,tidy tips,askeena,"Anza-Borrego Desert State Park, Julian, CA, US",Flowering,Yes
157648911,https://www.inaturalist.org/observations/157648911,2023-04-29,research,Layia platyglossa,tidy tips,icecoldwater,"Anza-Borrego Desert State Park, Julian, CA, US",Flowering,Yes
157611179,https://www.inaturalist.org/observations/157611179,2023-04-22,research,Layia platyglossa,tidy tips,whitneybarnett20,"Foothill Rd, New Cuyama, CA, US",Flowering,Yes
157584228,https://www.inaturalist.org/observations/157584228,2023-04-28,research,Layia platyglossa,tidy tips,mmd1330,"Shell Creek Rd, Santa Margarita, CA, US",Flowering,Yes
157461030,https://www.inaturalist.org/observations/157461030,2023-04-22,research,Layia platyglossa,tidy tips,catchang,"Carrizo Plain Ecological Reserve, San Luis Obispo, California, United States",Flowering,Yes
157455118,https://www.inaturalist.org/observations/157455118,2023-04-28,research,Layia platyglossa,tidy tips,jen_outside,"Lake Murray, San Diego, CA, USA",Flowering,Yes
157447897,https://www.inaturalist.org/observations/157447897,2023-04-28,research,Layia platyglossa,tidy tips,wendymusikmom,"Shell Creek Rd, Santa Margarita, CA, US",Flowering,Yes
157437737,https://www.inaturalist.org/observations/157437737,2023-04-28,research,Layia platyglossa,tidy tips,miramatt,"Lake Murray, San Diego, CA, USA",Flowering,Yes
157407497,https://www.inaturalist.org/observations/157407497,2023-04-28,research,Layia platyglossa,tidy tips,carsonfam,"SANTA MARGAR, CA 93453, USA",Flowering,Yes
157378412,https://www.inaturalist.org/observations/157378412,2023-04-28,research,Layia platyglossa,tidy tips,shaji36457,"Hemet, CA, US",Flowering,Yes
157346403,https://www.inaturalist.org/observations/157346403,2023-04-28,research,Layia platyglossa,tidy tips,mikeridder,"Friends of the Fiscalini Ranch Preserve, Cambria, CA, US",Flowering,Yes
157333686,https://www.inaturalist.org/observations/157333686,2023-04-28,research,Layia platyglossa,tidy tips,david99,"Riverside County, CA, USA",Flowering,Yes
157333656,https://www.inaturalist.org/observations/157333656,2023-04-28,research,Layia platyglossa,tidy tips,david99,"Riverside County, CA, USA",Flowering,Yes
157325994,https://www.inaturalist.org/observations/157325994,2023-04-25,research,Layia platyglossa,tidy tips,emerkt,"Aliso Viejo, CA, USA",Flowering,Yes
157317808,https://www.inaturalist.org/observations/157317808,2023-04-28,research,Layia platyglossa,tidy tips,mbalisi,"W Baseline Rd, Claremont, CA, US",Flowering,Yes
157275562,https://www.inaturalist.org/observations/157275562,2023-04-28,research,Layia platyglossa,tidy tips,mullallyw,"Malibu, CA 90265, USA",Flowering,Yes
157247258,https://www.inaturalist.org/observations/157247258,2023-04-28,research,Layia platyglossa,tidy tips,jen_outside,"Torrey Preserve, San Diego, CA, USA",Flowering,Yes
157184705,https://www.inaturalist.org/observations/157184705,2023-04-25,research,Layia platyglossa,tidy tips,keekihanu,"Seven Mile Rd, Santa Margarita, CA, US",Flowering,Yes
157163619,https://www.inaturalist.org/observations/157163619,2023-04-28,research,Layia platyglossa,tidy tips,chasgeorge,"Hill and Canyon Area, Anaheim, CA, US",Flowering,Yes
157147516,https://www.inaturalist.org/observations/157147516,2023-04-28,research,Layia platyglossa,tidy tips,j_quercus,Santa Margarita,Flowering,Yes
157102762,https://www.inaturalist.org/observations/157102762,2023-04-22,research,Layia platyglossa,tidy tips,superbloom,"Deep Shadow Dr, Agoura Hills, CA, US",Flowering,Yes
157026651,https://www.inaturalist.org/observations/157026651,2023-04-25,research,Layia platyglossa,tidy tips,chilipossum,"San Luis Obispo County, CA, USA",Flowering,Yes
157012402,https://www.inaturalist.org/observations/157012402,2023-04-26,research,Layia platyglossa,tidy tips,jp11king,"San Luis Obispo County, CA, USA",Flowering,Yes
156962154,https://www.inaturalist.org/observations/156962154,2023-04-25,research,Layia platyglossa,tidy tips,br00ksie,"Shell Creek Rd, Santa Margarita, CA, US",Flowering,Yes
156946301,https://www.inaturalist.org/observations/156946301,2023-04-27,research,Layia platyglossa,tidy tips,minghuanie,"Torrey Pines State Natural Reserve, San Diego, CA, US",Flowering,Yes
156909605,https://www.inaturalist.org/observations/156909605,2023-04-20,research,Layia platyglossa,tidy tips,tmanzanillo,"San Luis Obispo County, US-CA, US",Flowering,Yes
156888397,https://www.inaturalist.org/observations/156888397,2023-04-26,research,Layia platyglossa,tidy tips,mrsv1980,"Cleveland National Forest, Alpine, CA, US",Flowering,Yes
156851407,https://www.inaturalist.org/observations/156851407,2023-04-25,research,Layia platyglossa,tidy tips,anudibranchmom,"San Luis Obispo County, CA, USA",Flowering,Yes
156851039,https://www.inaturalist.org/observations/156851039,2023-04-15,research,Layia platyglossa,tidy tips,ax_johnson,"San Luis Obispo County, CA, USA",Flowering,Yes
156844637,https://www.inaturalist.org/observations/156844637,2023-04-26,research,Layia platyglossa,tidy tips,meenagarg,"Carrizo Plain National Monument, Santa Margarita, CA, US",Flowering,Yes
156844296,https://www.inaturalist.org/observations/156844296,2023-04-12,research,Layia platyglossa,tidy tips,rossnet,"San Luis Obispo County, US-CA, US",Flowering,Yes
156834537,https://www.inaturalist.org/observations/156834537,2023-04-26,research,Layia platyglossa,tidy tips,keshdslayer,"CA, US",Flowering,Yes
156814356,https://www.inaturalist.org/observations/156814356,2023-04-26,research,Layia platyglossa,tidy tips,toxictruffles,"Carmelita Ct, Oxnard, CA, US",Flowering,Yes
156761427,https://www.inaturalist.org/observations/156761427,2023-04-23,research,Layia platyglossa,tidy tips,betweenthelyons,"San Luis Obispo County, US-CA, US",Flowering,Yes
156714207,https://www.inaturalist.org/observations/156714207,2023-04-25,research,Layia platyglossa,tidy tips,jimmyjamhikes,"SANTA MARGAR, CA 93453, USA",Flowering,Yes
156695895,https://www.inaturalist.org/observations/156695895,2023-04-25,research,Layia platyglossa,tidy tips,helenpoppyseed,"Arlington Ave, Los Angeles, CA, US",Flowering,Yes
156661045,https://www.inaturalist.org/observations/156661045,2023-04-25,research,Layia platyglossa,tidy tips,sosolost,"SANTA MARGAR, CA 93453, USA",Flowering,Yes
156625479,https://www.inaturalist.org/observations/156625479,2023-04-25,research,Layia platyglossa,tidy tips,patrickdyer,"Lower Clamshell Truck, Monrovia, CA, US",Flowering,Yes
156596191,https://www.inaturalist.org/observations/156596191,2023-04-25,research,Layia platyglossa,tidy tips,starcloud,"Archwood St, Los Angeles, CA, US",Flowering,Yes
156577757,https://www.inaturalist.org/observations/156577757,2023-04-24,research,Layia platyglossa,tidy tips,mylan,"SANTA MARGAR, CA 93453, USA",Flowering,Yes
156576634,https://www.inaturalist.org/observations/156576634,2023-04-24,research,Layia platyglossa,tidy tips,surya_poonam,"Carrizo Plain National Monument, Santa Margarita, CA, US",Flowering,Yes
156544301,https://www.inaturalist.org/observations/156544301,2023-04-04,research,Layia platyglossa,tidy tips,candance,"Peters Canyon Regional Park, Orange, CA, US",Flowering,Yes
156526139,https://www.inaturalist.org/observations/156526139,2023-04-19,research,Layia platyglossa,tidy tips,aaron_echols,"Vincent Grade, Palmdale, CA, US",Flowering,Yes
156526101,https://www.inaturalist.org/observations/156526101,2023-04-17,research,Layia platyglossa,tidy tips,bryanjbd,"Santa Ana Blvd, Oak View, CA, US",Flowering,Yes
156519771,https://www.inaturalist.org/observations/156519771,2023-04-19,research,Layia platyglossa,tidy tips,arboretum_amy,"Channel Islands National Park, Channel Islands, Santa Barbara County, US-CA, US",Flowering,Yes
156515955,https://www.inaturalist.org/observations/156515955,2023-04-21,research,Layia platyglossa,tidy tips,arboretum_amy,"Channel Islands National Park, Channel Islands, Santa Barbara County, US-CA, US",Flowering,Yes
156514365,https://www.inaturalist.org/observations/156514365,2023-04-24,research,Layia platyglossa,tidy tips,noemimo,"N Hoover St, Los Angeles, CA, US",Flowering,Yes
156501167,https://www.inaturalist.org/observations/156501167,2023-04-07,research,Layia platyglossa,tidy tips,wildwildwest,"Carrizo Plain National Monument, Santa Margarita, CA, US",Flowering,Yes
156488061,https://www.inaturalist.org/observations/156488061,2023-04-24,research,Layia platyglossa,tidy tips,magusziad,Long Beach,Flowering,Yes
156472047,https://www.inaturalist.org/observations/156472047,2023-04-23,research,Layia platyglossa,tidy tips,spyingnaturalist,"Bitterwater Valley Rd, Шэндон, CA, US",Flowering,Yes
156448851,https://www.inaturalist.org/observations/156448851,2023-04-23,research,Layia platyglossa,tidy tips,leptonia,"Shell Creek Rd, Santa Margarita, CA, US",Flowering,Yes
156374649,https://www.inaturalist.org/observations/156374649,2023-03-26,research,Layia platyglossa,tidy tips,allisonpeters,"Shell Creek Rd, Santa Margarita, CA, US",Flowering,Yes
156371710,https://www.inaturalist.org/observations/156371710,2023-04-23,research,Layia platyglossa,tidy tips,ophioblennius,"Carrisa Hwy, Santa Margarita, CA, US",Flowering,Yes
156364244,https://www.inaturalist.org/observations/156364244,2023-04-21,research,Layia platyglossa,tidy tips,chrisalises,"Carrisa Hwy, Santa Margarita, CA, US",Flowering,Yes
156360535,https://www.inaturalist.org/observations/156360535,2023-04-22,research,Layia platyglossa,tidy tips,peter2427,"Shell Creek Rd, Santa Margarita, CA, US",Flowering,Yes
156335277,https://www.inaturalist.org/observations/156335277,2023-04-23,research,Layia platyglossa,tidy tips,efarnsworth,"Shell Creek Rd, Santa Margarita, CA, US",Flowering,Yes
156326122,https://www.inaturalist.org/observations/156326122,2023-04-21,research,Layia platyglossa,tidy tips,chrisalises,"Shell Creek Rd, Santa Margarita, CA, US",Flowering,Yes
156323351,https://www.inaturalist.org/observations/156323351,2023-04-20,research,Layia platyglossa,tidy tips,corbascus,"Carrisa Hwy, Santa Margarita, CA, US",Flowering,Yes
156315402,https://www.inaturalist.org/observations/156315402,2023-04-23,research,Layia platyglossa,tidy tips,jacquelinerose,"SANTA MARGAR, CA 93453, USA",Flowering,Yes
156314730,https://www.inaturalist.org/observations/156314730,2023-04-23,research,Layia platyglossa,tidy tips,mwillson,"San Luis Obispo County, US-CA, US",Flowering,Yes
156271073,https://www.inaturalist.org/observations/156271073,2023-04-23,research,Layia platyglossa,tidy tips,osamad,Monrovia,Flowering,Yes
156182745,https://www.inaturalist.org/observations/156182745,2023-04-22,research,Layia platyglossa,tidy tips,susanspam,"Shell Creek Rd, Santa Margarita, CA, US",Flowering,Yes
156176196,https://www.inaturalist.org/observations/156176196,2023-04-21,research,Layia platyglossa,tidy tips,wyattherp,"Shell Creek Rd, Santa Margarita, CA, US",Flowering,Yes
156167846,https://www.inaturalist.org/observations/156167846,2023-04-22,research,Layia platyglossa,tidy tips,jordamn,"Carrizo Plain National Monument, Santa Margarita, CA, US",Flowering,Yes
156165560,https://www.inaturalist.org/observations/156165560,2023-04-22,research,Layia platyglossa,tidy tips,lazulihunting,"San Luis Obispo County, US-CA, US",Flowering,Yes
156157787,https://www.inaturalist.org/observations/156157787,2023-04-20,research,Layia platyglossa,tidy tips,juliamarkey,"Orange, CA, USA",Flowering,Yes
156157371,https://www.inaturalist.org/observations/156157371,2023-04-22,research,Layia platyglossa,tidy tips,lsangines,"San Luis Obispo County, US-CA, US",Flowering,Yes
156150998,https://www.inaturalist.org/observations/156150998,2023-04-21,research,Layia platyglossa,tidy tips,catchang,"Carrisa Hwy, Santa Margarita, CA, US",Flowering,Yes
156124365,https://www.inaturalist.org/observations/156124365,2023-04-22,research,Layia platyglossa,tidy tips,beverly33,"Santa Margarita, CA, US",Flowering,Yes
156124087,https://www.inaturalist.org/observations/156124087,2023-04-22,research,Layia platyglossa,tidy tips,mayradiaz,"Ojai, CA 93023, USA",Flowering,Yes
156123367,https://www.inaturalist.org/observations/156123367,2023-04-22,research,Layia platyglossa,tidy tips,zac_flores,"Santiago Hills, Orange, CA, US",Flowering,Yes
156109639,https://www.inaturalist.org/observations/156109639,2023-04-22,research,Layia platyglossa,tidy tips,finn-p,San Diego,Flowering,Yes
156108904,https://www.inaturalist.org/observations/156108904,2023-04-21,research,Layia platyglossa,tidy tips,anizohrabyan,"Cleveland National Forest, Corona, CA, US",Flowering,Yes
156091977,https://www.inaturalist.org/observations/156091977,2023-04-21,research,Layia platyglossa,tidy tips,bluevalhalla,"SANTA MARGAR, CA 93453, USA",Flowering,Yes
156091425,https://www.inaturalist.org/observations/156091425,2023-04-21,research,Layia platyglossa,tidy tips,mary-nguyen,"Shandon, CA 93461, USA",Flowering,Yes
156088225,https://www.inaturalist.org/observations/156088225,2023-04-21,research,Layia platyglossa,tidy tips,bluevalhalla,"SANTA MARGAR, CA 93453, USA",Flowering,Yes
156087044,https://www.inaturalist.org/observations/156087044,2023-04-21,research,Layia platyglossa,tidy tips,bluevalhalla,"Shandon, CA 93461, USA",Flowering,Yes
156065641,https://www.inaturalist.org/observations/156065641,2023-04-21,research,Layia platyglossa,tidy tips,kmacrae,"San Luis Obispo County, US-CA, US",Flowering,Yes
156055945,https://www.inaturalist.org/observations/156055945,2023-04-21,research,Layia platyglossa,tidy tips,fisherd,"Carrisa Hwy, Santa Margarita, CA, US",Flowering,Yes
156041381,https://www.inaturalist.org/observations/156041381,2023-04-15,research,Layia platyglossa,tidy tips,emerkt,"San Luis Obispo, California, United States",Flowering,Yes
155990884,https://www.inaturalist.org/observations/155990884,2023-04-18,research,Layia platyglossa,tidy tips,joergmlpts,"Shell Creek Rd, US, CA",Flowering,Yes
155987901,https://www.inaturalist.org/observations/155987901,2023-04-17,research,Layia platyglossa,tidy tips,hkibak,"Cornell Rd, Santa Margarita, CA, US",Flowering,Yes
155979106,https://www.inaturalist.org/observations/155979106,2023-04-20,research,Layia platyglossa,tidy tips,mooseandsquirrel,"Orange County, CA, USA",Flowering,Yes
155973240,https://www.inaturalist.org/observations/155973240,2023-04-21,research,Layia platyglossa,tidy tips,sarahshutman,"Los Angeles, CA 91604, USA",Flowering,Yes
155951810,https://www.inaturalist.org/observations/155951810,2023-04-21,research,Layia platyglossa,tidy tips,looking4lichen,"Longhorn Dr, Canyon Lake, CA, US",Flowering,Yes
155947645,https://www.inaturalist.org/observations/155947645,2023-04-12,research,Layia platyglossa,tidy tips,dutchjohn,"Arcadia, CA, USA",Flowering,Yes
155938479,https://www.inaturalist.org/observations/155938479,2023-04-20,research,Layia platyglossa,tidy tips,dgamble,"SANTA MARGAR, CA 93453, USA",Flowering,Yes
155931795,https://www.inaturalist.org/observations/155931795,2023-04-20,research,Layia platyglossa,tidy tips,danikapiotrowski,"Camatta Creek Rd, Santa Margarita, CA, US",Flowering,Yes
155913604,https://www.inaturalist.org/observations/155913604,2023-04-20,research,Layia platyglossa,tidy tips,toberbauercoxnet,"Cleveland National Forest, Jamul, CA, US",Flowering,Yes
155911852,https://www.inaturalist.org/observations/155911852,2023-04-15,research,Layia platyglossa,tidy tips,super-mario,"Sky Dr, Santa Ynez, CA, US",Flowering,Yes
155903026,https://www.inaturalist.org/observations/155903026,2023-04-20,research,Layia platyglossa,tidy tips,packardr90,"Riverside County, CA, USA",Flowering,Yes
155851008,https://www.inaturalist.org/observations/155851008,2023-04-17,research,Layia platyglossa,tidy tips,hkibak,"Carrisa Hwy, Santa Margarita, CA, US",Flowering,Yes
155832106,https://www.inaturalist.org/observations/155832106,2023-04-19,research,Layia platyglossa,tidy tips,vonterschj,"Soda Lake Rd, Santa Margarita, CA, US",Flowering,Yes
155818769,https://www.inaturalist.org/observations/155818769,2023-04-18,research,Layia platyglossa,tidy tips,kingfisherfreedom,"San Luis Obispo, CA, US",Flowering,Yes
155790408,https://www.inaturalist.org/observations/155790408,2023-04-16,research,Layia platyglossa,tidy tips,tgosliner,"San Luis Obispo County, CA, USA",Flowering,Yes
155783925,https://www.inaturalist.org/observations/155783925,2023-04-12,research,Layia platyglossa,tidy tips,otes,"San Luis Obispo County, CA, USA",Flowering,Yes
155780930,https://www.inaturalist.org/observations/155780930,2023-04-20,research,Layia platyglossa,tidy tips,srosenwasser,"Torrey Pines State Natural Reserve, San Diego, CA, US",Flowering,Yes
155766592,https://www.inaturalist.org/observations/155766592,2023-04-16,research,Layia platyglossa,tidy tips,stephaniema,"Goleta, CA 93110, USA",Flowering,Yes
155707975,https://www.inaturalist.org/observations/155707975,2023-04-14,research,Layia platyglossa,tidy tips,galleon657,"Carrizo Plain National Monument, San Luis Obispo County, US-CA, US",Flowering,Yes
155705178,https://www.inaturalist.org/observations/155705178,2023-04-19,research,Layia platyglossa,tidy tips,ceenell,"Carrisa Hwy, Santa Margarita, CA, US",Flowering,Yes
155695663,https://www.inaturalist.org/observations/155695663,2023-04-17,research,Layia platyglossa,tidy tips,calimycoflora,"Los Angeles County, US-CA, US",Flowering,Yes
155663429,https://www.inaturalist.org/observations/155663429,2023-04-19,research,Layia platyglossa,tidy tips,arlene92,"Thousand Oaks, CA 91360, USA",Flowering,Yes
155638875,https://www.inaturalist.org/observations/155638875,2023-04-19,research,Layia platyglossa,tidy tips,loulou88,"Lower Peters Canyon Reservoir, Tustin, CA, US",Flowering,Yes
155637677,https://www.inaturalist.org/observations/155637677,2023-04-19,research,Layia platyglossa,tidy tips,bradleyebert,"Carrizo Plain National Monument, Santa Margarita, CA, US",Flowering,Yes
155571418,https://www.inaturalist.org/observations/155571418,2023-04-18,research,Layia platyglossa,tidy tips,asakkas,"Shell Creek Rd, Santa Margarita, CA, US",Flowering,Yes
155569455,https://www.inaturalist.org/observations/155569455,2023-04-15,research,Layia platyglossa,tidy tips,suzm,"Shell Creek Rd, Santa Margarita, CA, US",Flowering,Yes
155565726,https://www.inaturalist.org/observations/155565726,2023-04-18,research,Layia platyglossa,tidy tips,obmissy,"Cedar Creek Falls, California 92065, USA",Flowering,Yes
155564673,https://www.inaturalist.org/observations/155564673,2023-04-16,research,Layia platyglossa,tidy tips,robertajames,"Perris, CA, USA",Flowering,Yes
155542190,https://www.inaturalist.org/observations/155542190,2023-04-18,research,Layia platyglossa,tidy tips,leafybye,"Arroyo Grande, CA 93420, USA",Flowering,Yes
155541519,https://www.inaturalist.org/observations/155541519,2023-04-17,research,Layia platyglossa,tidy tips,spinops,"SANTA MARGAR, CA 93453, USA",Flowering,Yes
155541421,https://www.inaturalist.org/observations/155541421,2023-04-17,research,Layia platyglossa,tidy tips,spinops,"SANTA MARGAR, CA 93453, USA",Flowering,Yes
155541381,https://www.inaturalist.org/observations/155541381,2023-04-17,research,Layia platyglossa,tidy tips,spinops,"SANTA MARGAR, CA 93453, USA",Flowering,Yes
155540403,https://www.inaturalist.org/observations/155540403,2023-04-18,research,Layia platyglossa,tidy tips,afoster13,"More Mesa Open Space, Santa Barbara, CA, US",Flowering,Yes
155512739,https://www.inaturalist.org/observations/155512739,2023-04-17,research,Layia platyglossa,tidy tips,hfinger,"San Luis Obispo County, US-CA, US",Flowering,Yes
155509508,https://www.inaturalist.org/observations/155509508,2023-04-16,research,Layia platyglossa,tidy tips,morganstickrod,"Carrizo Plain National Monument, San Luis Obispo, California, United States",Flowering,Yes
155486803,https://www.inaturalist.org/observations/155486803,2023-04-18,research,Layia platyglossa,tidy tips,joseph398,"Wales Ct, Menifee, CA, US",Flowering,Yes
155484754,https://www.inaturalist.org/observations/155484754,2023-03-27,research,Layia platyglossa,tidy tips,kcelshoff,"San Luis Obispo County, CA, USA",Flowering,Yes
155483127,https://www.inaturalist.org/observations/155483127,2023-03-27,research,Layia platyglossa,tidy tips,kcelshoff,"San Luis Obispo County, CA, USA",Flowering,Yes
155429606,https://www.inaturalist.org/observations/155429606,2023-04-15,research,Layia platyglossa,tidy tips,james_boyd,"San Luis Obispo County, CA, USA",Flowering,Yes
155427662,https://www.inaturalist.org/observations/155427662,2023-04-17,research,Layia platyglossa,tidy tips,dlbowls,"Thousand Oaks, CA, USA",Flowering,Yes
155423600,https://www.inaturalist.org/observations/155423600,2023-04-17,research,Layia platyglossa,tidy tips,aarenas,"Peters Canyon Regional Park, Tustin, CA, US",Flowering,Yes
155418443,https://www.inaturalist.org/observations/155418443,2023-04-16,research,Layia platyglossa,tidy tips,laurenrae,"SANTA MARGAR, CA 93453, USA",Flowering,Yes
155401234,https://www.inaturalist.org/observations/155401234,2023-04-16,research,Layia platyglossa,tidy tips,khildner,"Santa Margarita, CA, US",Flowering,Yes
155398930,https://www.inaturalist.org/observations/155398930,2023-04-17,research,Layia platyglossa,tidy tips,grenshaw,"Shell Creek Rd, Santa Margarita, CA, US",Flowering,Yes
155358912,https://www.inaturalist.org/observations/155358912,2023-04-15,research,Layia platyglossa,tidy tips,breriveros,"Carrizo Plain National Monument, Santa Margarita, CA, US",Flowering,Yes
155355880,https://www.inaturalist.org/observations/155355880,2023-04-15,research,Layia platyglossa,tidy tips,breriveros,"Carrizo Plain National Monument, Santa Margarita, CA, US",Flowering,Yes
155352001,https://www.inaturalist.org/observations/155352001,2023-04-15,research,Layia platyglossa,tidy tips,ulysses20,"Carrizo Plain National Monument, Santa Margarita, CA, US",Flowering,Yes
155345017,https://www.inaturalist.org/observations/155345017,2023-04-16,research,Layia platyglossa,tidy tips,janet344,"Limestone-Whiting Wilderness Park, Orange County, US-CA, US",Flowering,Yes
155340985,https://www.inaturalist.org/observations/155340985,2023-04-17,research,Layia platyglossa,tidy tips,stellathejay,"Santa Catalina Island, CA, US",Flowering,Yes
155325502,https://www.inaturalist.org/observations/155325502,2023-04-16,research,Layia platyglossa,tidy tips,cactusdoc,"SANTA MARGAR, CA 93453, USA",Flowering,Yes
155324695,https://www.inaturalist.org/observations/155324695,2023-04-16,research,Layia platyglossa,tidy tips,cactusdoc,"SANTA MARGAR, CA 93453, USA",Flowering,Yes
155287301,https://www.inaturalist.org/observations/155287301,2023-04-16,research,Layia platyglossa,tidy tips,ekoberle,"Whiting Ranch Wilderness Park, Lake Forest, CA, US",Flowering,Yes
155285113,https://www.inaturalist.org/observations/155285113,2023-04-16,research,Layia platyglossa,tidy tips,neontetraploid,"Lower Clamshell TKTL, Monrovia, CA 91016, USA",Flowering,Yes
155283361,https://www.inaturalist.org/observations/155283361,2023-04-14,research,Layia platyglossa,tidy tips,upthemountain,"Torrey Preserve, San Diego, CA, USA",Flowering,Yes
155275136,https://www.inaturalist.org/observations/155275136,2023-04-16,research,Layia platyglossa,tidy tips,angelmi,"San Dieguito River Park, San Diego, CA, US",Flowering,Yes
155274623,https://www.inaturalist.org/observations/155274623,2023-04-16,research,Layia platyglossa,tidy tips,guynaturalist,"Torrey Pines State Natural Reserve, San Diego, CA, US",Flowering,Yes
155263919,https://www.inaturalist.org/observations/155263919,2023-04-16,research,Layia platyglossa,tidy tips,annienzelll,"Los Padres National Forest, Santa Margarita, CA, US",Flowering,Yes
155259554,https://www.inaturalist.org/observations/155259554,2023-04-16,research,Layia platyglossa,tidy tips,elizabeth_harris,"Santa Susana Pass State Historic Park, Los Angeles, CA, US",Flowering,Yes
155258358,https://www.inaturalist.org/observations/155258358,2023-04-16,research,Layia platyglossa,tidy tips,jackgrimm,Claremont,Flowering,Yes
155256946,https://www.inaturalist.org/observations/155256946,2023-04-15,research,Layia platyglossa,tidy tips,christinerudman,"Shell Creek Rd, Santa Margarita, CA, US",Flowering,Yes
155251811,https://www.inaturalist.org/observations/155251811,2023-04-15,research,Layia platyglossa,tidy tips,freemont7,"SANTA MARGAR, CA 93453, USA",Flowering,Yes
155234778,https://www.inaturalist.org/observations/155234778,2023-04-15,research,Layia platyglossa,tidy tips,aprasuhn,"Carrizo Plain National Monument, Santa Margarita, CA, US",Flowering,Yes
155228220,https://www.inaturalist.org/observations/155228220,2023-04-15,research,Layia platyglossa,tidy tips,ashrek,"Carrizo Plain National Monument, Santa Margarita, CA, US",Flowering,Yes
155186228,https://www.inaturalist.org/observations/155186228,2023-04-15,research,Layia platyglossa,tidy tips,brucesmith,"Torrey Pines State Natural Reserve, San Diego, CA, US",Flowering,Yes
155184037,https://www.inaturalist.org/observations/155184037,2023-04-15,research,Layia platyglossa,tidy tips,kyanocitta,"San Luis Obispo, California, United States",Flowering,Yes
155166049,https://www.inaturalist.org/observations/155166049,2023-04-15,research,Layia platyglossa,tidy tips,thesunisbig,"Shell Creek Rd, Santa Margarita, CA, US",Flowering,Yes
155155419,https://www.inaturalist.org/observations/155155419,2023-04-15,research,Layia platyglossa,tidy tips,mycophant,"San Luis Obispo County, US-CA, US",Flowering,Yes
155153761,https://www.inaturalist.org/observations/155153761,2023-04-15,research,Layia platyglossa,tidy tips,mycophant,"Carrizo Plain National Monument, San Luis Obispo County, US-CA, US",Flowering,Yes
155077593,https://www.inaturalist.org/observations/155077593,2023-04-15,research,Layia platyglossa,tidy tips,stevennoyes,"Torrey Preserve, San Diego, CA, USA",Flowering,Yes
155076025,https://www.inaturalist.org/observations/155076025,2023-04-15,research,Layia platyglossa,tidy tips,lhamlett07,"Seven Mile Rd, Santa Margarita, CA, US",Flowering,Yes
155072182,https://www.inaturalist.org/observations/155072182,2023-04-15,research,Layia platyglossa,tidy tips,shaunamatheny,"Mission Trails Regional Park, San Diego, CA, US",Flowering,Yes
155071905,https://www.inaturalist.org/observations/155071905,2023-04-15,research,Layia platyglossa,tidy tips,andybridges,"SANTA MARGAR, CA 93453, USA",Flowering,Yes
155068006,https://www.inaturalist.org/observations/155068006,2023-04-15,research,Layia platyglossa,tidy tips,jdmcclinton,"Torrey Preserve, San Diego, CA, USA",Flowering,Yes
155063144,https://www.inaturalist.org/observations/155063144,2023-04-13,research,Layia platyglossa,tidy tips,phenry64,"Camatta Creek Rd, Santa Margarita, CA, US",Flowering,Yes
155058583,https://www.inaturalist.org/observations/155058583,2023-04-15,research,Layia platyglossa,tidy tips,cjackson,"Green Valley Truck Trail, Poway, CA, US",Flowering,Yes
155057387,https://www.inaturalist.org/observations/155057387,2023-04-15,research,Layia platyglossa,tidy tips,farnsworth,"Shell Creek Rd, Santa Margarita, CA, US",Flowering,Yes
155055370,https://www.inaturalist.org/observations/155055370,2023-04-12,research,Layia platyglossa,tidy tips,naturephotosuze,"San Luis Obispo County, CA, USA",Flower Budding,Yes
154923910,https://www.inaturalist.org/observations/154923910,2023-04-14,research,Layia platyglossa,tidy tips,shelilton,"Carrizo Plain National Monument, Santa Margarita, CA, US",Flowering,Yes
154921656,https://www.inaturalist.org/observations/154921656,2023-04-11,research,Layia platyglossa,tidy tips,virusmanbob,"San Luis Obispo County, CA, USA",Flowering,Yes
154920716,https://www.inaturalist.org/observations/154920716,2023-04-12,research,Layia platyglossa,tidy tips,brock,"Carrizo Plain National Monument, Santa Margarita, CA, US",Flowering,Yes
154916872,https://www.inaturalist.org/observations/154916872,2023-04-14,research,Layia platyglossa,tidy tips,caitlin_vanoni,Los Peñasquitos Canyon Preserve,Flowering,Yes
154915873,https://www.inaturalist.org/observations/154915873,2023-04-14,research,Layia platyglossa,tidy tips,coolnewbugs,"San Luis Obispo County, US-CA, US",Flowering,Yes
154912141,https://www.inaturalist.org/observations/154912141,2023-04-14,research,Layia platyglossa,tidy tips,vsanjuan,"Hemet, CA, US",Flowering,Yes
154911903,https://www.inaturalist.org/observations/154911903,2023-04-14,research,Layia platyglossa,tidy tips,mrsv1980,"Green Valley Truck Trail, Poway, CA, US",Flowering,Yes
154888911,https://www.inaturalist.org/observations/154888911,2023-04-14,research,Layia platyglossa,tidy tips,mmyartzoff,Hemet,Flowering,Yes
154868669,https://www.inaturalist.org/observations/154868669,2023-04-14,research,Layia platyglossa,tidy tips,gefiltebish,"Euclid Ave, San Diego, CA, US",Flowering,Yes
154864072,https://www.inaturalist.org/observations/154864072,2023-04-13,research,Layia platyglossa,tidy tips,eenriquezphillips,Creston,Flowering,Yes
154845640,https://www.inaturalist.org/observations/154845640,2023-04-13,research,Layia platyglossa,tidy tips,b0tanica,"Santiago Hills, Orange, CA, US",Flowering,Yes
154820024,https://www.inaturalist.org/observations/154820024,2023-04-11,research,Layia platyglossa,tidy tips,cynestor,"San Luis Obispo County, CA, USA",Flowering,Yes
154813286,https://www.inaturalist.org/observations/154813286,2023-04-10,research,Layia platyglossa,tidy tips,joescience1,"Soda Lake Rd, Carrizo Plain National Monument, San Luis Obispo County, CA, USA",Flowering,Yes
154798772,https://www.inaturalist.org/observations/154798772,2023-04-10,research,Layia platyglossa,tidy tips,virusmanbob,"San Luis Obispo County, CA, USA",Flowering,Yes
154742707,https://www.inaturalist.org/observations/154742707,2023-04-13,research,Layia platyglossa,tidy tips,witchycat,"Santa Barbara County, US-CA, US",Flowering,Yes
154742654,https://www.inaturalist.org/observations/154742654,2023-04-13,research,Layia platyglossa,tidy tips,witchycat,"Santa Barbara County, US-CA, US",Flowering,Yes
154731909,https://www.inaturalist.org/observations/154731909,2023-04-07,research,Layia platyglossa,tidy tips,miguelgrande,"San Luis Obispo, CA, US",Flowering,Yes
154711103,https://www.inaturalist.org/observations/154711103,2023-04-12,research,Layia platyglossa,tidy tips,gparazoo,"Big Sky Trail, Simi Valley, CA, US",Flowering,Yes
154707449,https://www.inaturalist.org/observations/154707449,2023-04-09,research,Layia platyglossa,tidy tips,jkehoe,"San Luis Obispo County, CA, USA",Flowering,Yes
154658962,https://www.inaturalist.org/observations/154658962,2023-04-05,research,Layia platyglossa,tidy tips,paulexcoff,"Los Osos, Baywood-Los Osos, CA 93402, USA",Flowering,Yes
154639204,https://www.inaturalist.org/observations/154639204,2023-04-12,research,Layia platyglossa,tidy tips,rachel141,"Irvine Regional Park, Orange, CA, US",Flowering,Yes
154634691,https://www.inaturalist.org/observations/154634691,2023-04-12,research,Layia platyglossa,tidy tips,dslomiak,"Santa Paula, CA 93060, USA",Flowering,Yes
154630252,https://www.inaturalist.org/observations/154630252,2023-04-10,research,Layia platyglossa,tidy tips,anouchkagaillard,"Santa Barbara County, US-CA, US",Flowering,Yes
154626315,https://www.inaturalist.org/observations/154626315,2023-04-12,research,Layia platyglossa,tidy tips,plant_ancestors,"Long Beach, CA 90806, USA",Flowering,Yes
154610687,https://www.inaturalist.org/observations/154610687,2023-04-12,research,Layia platyglossa,tidy tips,sambiosis,"Reservoir Canyon Rd, San Luis Obispo, CA, US",Flowering,Yes
154536275,https://www.inaturalist.org/observations/154536275,2023-04-11,research,Layia platyglossa,tidy tips,dfgreen,"Carrizo Plain National Monument, Santa Margarita, CA, US",Flowering,Yes
154534683,https://www.inaturalist.org/observations/154534683,2023-04-09,research,Layia platyglossa,tidy tips,smfang,"Cleveland National Forest, Alpine, CA, US",Flowering,Yes
154533903,https://www.inaturalist.org/observations/154533903,2023-04-09,research,Layia platyglossa,tidy tips,damontighe,"San Luis Obispo County, CA, USA",Flowering,Yes
154519913,https://www.inaturalist.org/observations/154519913,2023-04-11,research,Layia platyglossa,tidy tips,brock,"Santa Margarita, CA, US",Flowering,Yes
154510436,https://www.inaturalist.org/observations/154510436,2023-04-11,research,Layia platyglossa,tidy tips,cassiedt,"Rancho De Oro Dr, Ramona, CA, US",Flowering,Yes
154478449,https://www.inaturalist.org/observations/154478449,2023-04-11,research,Layia platyglossa,tidy tips,fraskar,"San Dieguito River Park, San Diego, CA, US",Flowering,Yes
154476251,https://www.inaturalist.org/observations/154476251,2023-04-11,research,Layia platyglossa,tidy tips,bmacm,"Santa Barbara, CA, US",Flowering,Yes
154468701,https://www.inaturalist.org/observations/154468701,2023-04-11,research,Layia platyglossa,tidy tips,tylerpenney,"Montaña de Oro State Park, Los Osos, CA, US",Flowering,Yes
154450325,https://www.inaturalist.org/observations/154450325,2023-04-11,research,Layia platyglossa,tidy tips,sdrivervalleycons,"San Dieguito River Park, San Diego, CA, US",Flowering,Yes
154447457,https://www.inaturalist.org/observations/154447457,2023-04-11,research,Layia platyglossa,tidy tips,bullfrogslayer,Lake Elsinore,Flowering,Yes
154446824,https://www.inaturalist.org/observations/154446824,2023-04-11,research,Layia platyglossa,tidy tips,kimsdrvc,"San Pasqual Valley, San Diego, CA, USA",Flowering,Yes
154446591,https://www.inaturalist.org/observations/154446591,2023-04-11,research,Layia platyglossa,tidy tips,whausen,"San Dieguito River Park, San Diego, CA, US",Flowering,Yes
154440975,https://www.inaturalist.org/observations/154440975,2023-04-11,research,Layia platyglossa,tidy tips,sallyhowell,"S Hudson Ave, Pasadena, CA, US",Flowering,Yes
154389409,https://www.inaturalist.org/observations/154389409,2023-04-10,research,Layia platyglossa,tidy tips,susanfawcett,"Channel Islands National Park, Channel Islands, Santa Barbara County, US-CA, US",Flowering,Yes
154389192,https://www.inaturalist.org/observations/154389192,2023-04-10,research,Layia platyglossa,tidy tips,susanfawcett,"Channel Islands National Park, Channel Islands, Santa Barbara County, US-CA, US",Flowering,Yes
154388462,https://www.inaturalist.org/observations/154388462,2023-04-01,research,Layia platyglossa,tidy tips,betweenthelyons,"San Luis Obispo County, CA, USA",Flowering,Yes
154377863,https://www.inaturalist.org/observations/154377863,2023-04-10,research,Layia platyglossa,tidy tips,gracehayes,"Shell Creek Rd, Santa Margarita, CA, US",Flowering,Yes
154367970,https://www.inaturalist.org/observations/154367970,2023-04-07,research,Layia platyglossa,tidy tips,marmallow,"San Luis Obispo County, US-CA, US",Flowering,Yes
154350911,https://www.inaturalist.org/observations/154350911,2023-04-10,research,Layia platyglossa,tidy tips,ecoblitzadmin,"Ronald Reagan UCLA Medical Center, Los Angeles, CA, US",Flowering,Yes
154345903,https://www.inaturalist.org/observations/154345903,2023-04-10,research,Layia platyglossa,tidy tips,kenjcruz,Santa Margarita,Flowering,Yes
154338445,https://www.inaturalist.org/observations/154338445,2023-04-09,research,Layia platyglossa,tidy tips,packardr90,"Perris, CA, USA",Flowering,Yes
154309080,https://www.inaturalist.org/observations/154309080,2023-04-02,research,Layia platyglossa,tidy tips,m0liveray-,"SANTA MARGAR, CA 93453, USA",Flowering,Yes
154306021,https://www.inaturalist.org/observations/154306021,2023-04-02,research,Layia platyglossa,tidy tips,thehyphaemovement,"Carrizo Plain National Monument, San Luis Obispo, California, United States",Flowering,Yes
154305281,https://www.inaturalist.org/observations/154305281,2023-04-08,research,Layia platyglossa,tidy tips,erayner,"Carrizo Plain National Monument, Santa Margarita, CA, US",Flowering,Yes
154278220,https://www.inaturalist.org/observations/154278220,2023-04-09,research,Layia platyglossa,tidy tips,amberrossizacharyteske,"Shell Creek Rd, Santa Margarita, CA, US",Flowering,Yes
154273685,https://www.inaturalist.org/observations/154273685,2023-04-09,research,Layia platyglossa,tidy tips,bbell,"Carrizo Plain National Monument, Santa Margarita, CA, US",Flowering,Yes
154262655,https://www.inaturalist.org/observations/154262655,2023-04-09,research,Layia platyglossa,tidy tips,cgreening25,"Shell Creek Rd, Santa Margarita, CA, US",Flowering,Yes
154218294,https://www.inaturalist.org/observations/154218294,2023-04-09,research,Layia platyglossa,tidy tips,firepoppy,"Hemet, CA, US",Flowering,Yes
154209755,https://www.inaturalist.org/observations/154209755,2023-04-09,research,Layia platyglossa,tidy tips,bjb,"Carrizo Plain National Monument, Santa Margarita, CA, US",Flowering,Yes
154209217,https://www.inaturalist.org/observations/154209217,2023-04-09,research,Layia platyglossa,tidy tips,mr_shadowsong,"Carrizo Plain National Monument, San Luis Obispo County, US-CA, US",Flowering,Yes
154207346,https://www.inaturalist.org/observations/154207346,2023-04-09,research,Layia platyglossa,tidy tips,curleycurlew,"SANTA MARGAR, CA 93453, USA",Flowering,Yes
154203714,https://www.inaturalist.org/observations/154203714,2023-04-02,research,Layia platyglossa,tidy tips,tkgoggin,"SANTA MARGAR, CA 93453, USA",Flowering,Yes
154190649,https://www.inaturalist.org/observations/154190649,2023-04-02,research,Layia platyglossa,tidy tips,arack,"Santa Margarita, CA 93453, USA",Flowering,Yes
154182144,https://www.inaturalist.org/observations/154182144,2023-04-08,research,Layia platyglossa,tidy tips,birdingman,"Cuyama, CA 93254, USA",Flowering,Yes
154155933,https://www.inaturalist.org/observations/154155933,2023-04-09,research,Layia platyglossa,tidy tips,dgdido,"San Diego, CA 92119, USA",Flowering,Yes
154117805,https://www.inaturalist.org/observations/154117805,2023-04-09,research,Layia platyglossa,tidy tips,rwhaley,"Ramona, CA 92065, USA",Flowering,Yes
154116939,https://www.inaturalist.org/observations/154116939,2023-04-09,research,Layia platyglossa,tidy tips,scott473,"The Long Beach Greenbelt, Long Beach, CA, US",Flowering,Yes
154105255,https://www.inaturalist.org/observations/154105255,2023-04-06,research,Layia platyglossa,tidy tips,chrysaetos,"Marine Corps Base Camp Pendleton, Fallbrook, CA, US",Flowering,Yes
154104533,https://www.inaturalist.org/observations/154104533,2023-04-08,research,Layia platyglossa,tidy tips,jennfields,"Carrizo Plain National Monument, Santa Margarita, CA, US",Flowering,Yes
154101422,https://www.inaturalist.org/observations/154101422,2023-04-08,research,Layia platyglossa,tidy tips,themerekat,"SANTA MARGAR, CA 93453, USA",Flowering,Yes
154092443,https://www.inaturalist.org/observations/154092443,2023-04-07,research,Layia platyglossa,tidy tips,mediocreamature,"Carrizo Plain National Monument, Santa Margarita, CA, US",Flowering,Yes
154077890,https://www.inaturalist.org/observations/154077890,2023-03-31,research,Layia platyglossa,tidy tips,rudydiaz,"California, US",Flowering,Yes
154053001,https://www.inaturalist.org/observations/154053001,2023-04-08,research,Layia platyglossa,tidy tips,jounjoshua,"Orange County, US-CA, US",Flowering,Yes
154051434,https://www.inaturalist.org/observations/154051434,2023-04-08,research,Layia platyglossa,tidy tips,pir8cowb0y,"Shell Creek Rd, Santa Margarita, CA, US",Flowering,Yes
154048146,https://www.inaturalist.org/observations/154048146,2023-04-08,research,Layia platyglossa,tidy tips,susanfawcett,"San Luis Obispo County, US-CA, US",Flowering,Yes
154046104,https://www.inaturalist.org/observations/154046104,2023-04-08,research,Layia platyglossa,tidy tips,susanfawcett,"San Luis Obispo County, US-CA, US",Flowering,Yes
154042785,https://www.inaturalist.org/observations/154042785,2023-04-08,research,Layia platyglossa,tidy tips,al_kordesch,"Shell Creek Rd, Santa Margarita, CA, US",Flowering,Yes
154040811,https://www.inaturalist.org/observations/154040811,2023-04-01,research,Layia platyglossa,tidy tips,madhall,"Shell Creek Rd, Santa Margarita, CA, US",Flowering,Yes
154039251,https://www.inaturalist.org/observations/154039251,2023-04-08,research,Layia platyglossa,tidy tips,naness,"SANTA MARGAR, CA 93453, USA",Flowering,Yes
154036500,https://www.inaturalist.org/observations/154036500,2023-04-08,research,Layia platyglossa,tidy tips,asleepias,"Caspers Wilderness Park, Orange County, US-CA, US",Flowering,Yes
154019141,https://www.inaturalist.org/observations/154019141,2023-04-08,research,Layia platyglossa,tidy tips,cliutravels,"Carrisa Hwy, Santa Margarita, CA, US",Flowering,Yes
154004602,https://www.inaturalist.org/observations/154004602,2023-04-08,research,Layia platyglossa,tidy tips,plantbard,"Hemet, CA, US",Flowering,Yes
153994278,https://www.inaturalist.org/observations/153994278,2023-04-08,research,Layia platyglossa,tidy tips,dadrynan,"Carrizo Plain National Monument, Santa Margarita, CA, US",Flowering,Yes
153990914,https://www.inaturalist.org/observations/153990914,2023-04-08,research,Layia platyglossa,tidy tips,joashv,"San Diego County, US-CA, US",Flowering,Yes
153990913,https://www.inaturalist.org/observations/153990913,2023-04-08,research,Layia platyglossa,tidy tips,joashv,"San Diego County, US-CA, US",Flowering,Yes
153989168,https://www.inaturalist.org/observations/153989168,2023-04-08,research,Layia platyglossa,tidy tips,aperl,"Santa Margarita, CA, US",Flowering,Yes
153973559,https://www.inaturalist.org/observations/153973559,2023-04-08,research,Layia platyglossa,tidy tips,ccosma3,"Sunnymead, Moreno Valley, CA, US",Flowering,Yes
153961619,https://www.inaturalist.org/observations/153961619,2023-04-01,research,Layia platyglossa,tidy tips,hufflite,"Cuyama, CA 93254, USA",Flowering,Yes
153960684,https://www.inaturalist.org/observations/153960684,2023-03-25,research,Layia platyglossa,tidy tips,jennaleigh7,"San Dieguito River Park, San Diego, CA, US",Flowering,Yes
153955792,https://www.inaturalist.org/observations/153955792,2023-04-01,research,Layia platyglossa,tidy tips,tempetoon,Highway 58,Flowering,Yes
153942731,https://www.inaturalist.org/observations/153942731,2023-04-08,research,Layia platyglossa,tidy tips,jmart951,"Box Springs Mountain Reserve, Moreno Valley, CA, US",Flowering,Yes
153942715,https://www.inaturalist.org/observations/153942715,2023-04-06,research,Layia platyglossa,tidy tips,ipnicholson,"Carrizo Plain National Monument, Santa Margarita, CA, US",Flowering,Yes
153893567,https://www.inaturalist.org/observations/153893567,2023-04-07,research,Layia platyglossa,tidy tips,rachelaw09,"San Luis Obispo, CA, US",Flowering,Yes
153890407,https://www.inaturalist.org/observations/153890407,2023-04-07,research,Layia platyglossa,tidy tips,stephanderson,"San Luis Obispo, CA 93405, USA",Flowering,Yes
153890214,https://www.inaturalist.org/observations/153890214,2023-04-05,research,Layia platyglossa,tidy tips,howard_grisham,"Shell Creek Rd, Santa Margarita, CA, US",Flowering,Yes
153889360,https://www.inaturalist.org/observations/153889360,2023-04-07,research,Layia platyglossa,tidy tips,iwoodard,"Carrizo Plain National Monument, Santa Margarita, CA, US",Flowering,Yes
153885472,https://www.inaturalist.org/observations/153885472,2023-04-07,research,Layia platyglossa,tidy tips,brandon1210,"Menifee, CA 92584, USA",Flowering,Yes
153877402,https://www.inaturalist.org/observations/153877402,2023-03-30,research,Layia platyglossa,tidy tips,johnreiss,"Carrisa Hwy, Santa Margarita, CA, US",Flowering,Yes
153875843,https://www.inaturalist.org/observations/153875843,2023-04-07,research,Layia platyglossa,tidy tips,lkyoder,"Hemet, CA, USA",Flowering,Yes
153863697,https://www.inaturalist.org/observations/153863697,2023-04-07,research,Layia platyglossa,tidy tips,acastelein,"San Jacinto Wildlife Area, Moreno Valley, CA, US",Flowering,Yes
153845258,https://www.inaturalist.org/observations/153845258,2023-04-05,research,Layia platyglossa,tidy tips,james_inat,"Santa Barbara County, CA, USA",Flowering,Yes
153830285,https://www.inaturalist.org/observations/153830285,2023-04-06,research,Layia platyglossa,tidy tips,cruzzzer,"Santa Margarita, CA, US",Flowering,Yes
153822637,https://www.inaturalist.org/observations/153822637,2023-04-07,research,Layia platyglossa,tidy tips,susan1024,"San Pasqual Valley, San Diego, CA, USA",Flowering,Yes
153808386,https://www.inaturalist.org/observations/153808386,2023-04-06,research,Layia platyglossa,tidy tips,terrilburgess,"Carrizo Plain National Monument, Santa Margarita, CA, US",Flowering,Yes
153784301,https://www.inaturalist.org/observations/153784301,2023-04-05,research,Layia platyglossa,tidy tips,gofthejungle,"Shell Creek Rd, Santa Margarita, CA, US",Flowering,Yes
153774035,https://www.inaturalist.org/observations/153774035,2023-04-03,research,Layia platyglossa,tidy tips,escholzia,"Shell Creek Road, San Luis Obispo Cty",Flowering,Yes
153759718,https://www.inaturalist.org/observations/153759718,2023-04-06,research,Layia platyglossa,tidy tips,thomastran,"Labrusca, Mission Viejo, CA, US",Flowering,Yes
153754788,https://www.inaturalist.org/observations/153754788,2023-04-06,research,Layia platyglossa,tidy tips,jaydebahrami,"Colorado Lagoon, Long Beach, CA, US",Flowering,Yes
153750081,https://www.inaturalist.org/observations/153750081,2023-04-06,research,Layia platyglossa,tidy tips,rangernik707,"Carrizo Plain National Monument, San Luis Obispo County, US-CA, US",Flowering,Yes
153724728,https://www.inaturalist.org/observations/153724728,2023-04-06,research,Layia platyglossa,tidy tips,joedecruyenaere,"Eagle-Butte Rd, Palmdale, CA, US",Flower Budding,Yes
153723608,https://www.inaturalist.org/observations/153723608,2023-04-06,research,Layia platyglossa,tidy tips,joedecruyenaere,"Eagle-Butte Rd, Palmdale, CA, US",Flowering,Yes
153716192,https://www.inaturalist.org/observations/153716192,2023-04-04,research,Layia platyglossa,tidy tips,andy71,"Los Angeles, California, United States",Flowering,Yes
153713996,https://www.inaturalist.org/observations/153713996,2023-04-06,research,Layia platyglossa,tidy tips,belinacea,Los Angeles,Flowering,Yes
153713127,https://www.inaturalist.org/observations/153713127,2023-04-01,research,Layia platyglossa,tidy tips,thesafarihiker,"Wildomar, CA, USA",Flowering,Yes
153711889,https://www.inaturalist.org/observations/153711889,2023-04-06,research,Layia platyglossa,tidy tips,har10per,"Joyas Ct, Poway, CA, US",Flowering,Yes
153707052,https://www.inaturalist.org/observations/153707052,2023-04-01,research,Layia platyglossa,tidy tips,thesafarihiker,"Hemet, CA, USA",Flowering,Yes
153696575,https://www.inaturalist.org/observations/153696575,2023-04-05,research,Layia platyglossa,tidy tips,samiaceae,"Box Springs Mountain Reserve, Moreno Valley, CA, US",Flowering,Yes
153656989,https://www.inaturalist.org/observations/153656989,2023-04-03,research,Layia platyglossa,tidy tips,dpoznik,"Carrizo Plain National Monument, San Luis Obispo, California, United States",Flowering,Yes
153655417,https://www.inaturalist.org/observations/153655417,2023-04-02,research,Layia platyglossa,tidy tips,ianrhodes,"Santa Catalina Island, CA, US",Flowering,Yes
153652516,https://www.inaturalist.org/observations/153652516,2023-04-05,research,Layia platyglossa,tidy tips,willfreyman,"Carrizo Plain National Monument, San Luis Obispo County, US-CA, US",Flowering,Yes
153650764,https://www.inaturalist.org/observations/153650764,2023-04-05,research,Layia platyglossa,tidy tips,jart,"Carrizo Plain National Monument, Santa Margarita, CA, US",Flowering,Yes
153632611,https://www.inaturalist.org/observations/153632611,2023-04-03,research,Layia platyglossa,tidy tips,bonsaisteve,"San Diego Zoo Safari Park, San Diego, CA, US",Flowering,Yes
153588459,https://www.inaturalist.org/observations/153588459,2023-04-05,research,Layia platyglossa,tidy tips,erinrindner,"San Luis Obispo, CA, US",Flowering,Yes
153581877,https://www.inaturalist.org/observations/153581877,2023-04-02,research,Layia platyglossa,tidy tips,butterflylvr911,"Diamond Valley Lake, Hemet, CA, US",Flowering,Yes
153534124,https://www.inaturalist.org/observations/153534124,2023-04-04,research,Layia platyglossa,tidy tips,shroombus,"Carrizo Plain National Monument, Santa Margarita, CA, US",Flowering,Yes
153528334,https://www.inaturalist.org/observations/153528334,2023-04-04,research,Layia platyglossa,tidy tips,shelby760,"San Dieguito River Park, Ramona, CA, US",Flowering,Yes
153521935,https://www.inaturalist.org/observations/153521935,2023-04-04,research,Layia platyglossa,tidy tips,lariosfabi,"San Elijo Lagoon Ecological Reserve, Encinitas, CA, US",Flowering,Yes
153512135,https://www.inaturalist.org/observations/153512135,2023-04-02,research,Layia platyglossa,tidy tips,tmanzanillo,"Carrizo Plain National Monument, San Luis Obispo County, US-CA, US",Flowering,Yes
153511147,https://www.inaturalist.org/observations/153511147,2023-04-04,research,Layia platyglossa,tidy tips,stevie_steele,"San Elijo Lagoon Ecological Reserve, Encinitas, CA, US",Flowering,Yes
153500027,https://www.inaturalist.org/observations/153500027,2023-03-31,research,Layia platyglossa,tidy tips,tlim,"San Luis Obispo County, US-CA, US",Flowering,Yes
153497622,https://www.inaturalist.org/observations/153497622,2023-04-04,research,Layia platyglossa,tidy tips,jumboshrimp,"Bear Creek Dr S, Murrieta, CA, US",Flowering,Yes
153494080,https://www.inaturalist.org/observations/153494080,2023-04-04,research,Layia platyglossa,tidy tips,janet0014,"Carrizo Plain National Monument, Santa Margarita, CA, US",Flowering,Yes
153476212,https://www.inaturalist.org/observations/153476212,2023-04-02,research,Layia platyglossa,tidy tips,girlrunningwilder,"San Luis Obispo County, US-CA, US",Flowering,Yes
153475758,https://www.inaturalist.org/observations/153475758,2023-04-04,research,Layia platyglossa,tidy tips,lauracamp,"Ronald W. Caspers Wilderness Park, Trabuco Canyon, CA, US",Flowering,Yes
153468625,https://www.inaturalist.org/observations/153468625,2023-04-02,research,Layia platyglossa,tidy tips,brookehenry,"Hemet, CA, US",Flowering,Yes
153416273,https://www.inaturalist.org/observations/153416273,2023-04-03,research,Layia platyglossa,tidy tips,secretlynx,"San Luis Obispo County, US-CA, US",Flowering,Yes
153406652,https://www.inaturalist.org/observations/153406652,2023-04-03,research,Layia platyglossa,tidy tips,lieber67,"Shandon, CA 93461, USA",Flowering,Yes
153404134,https://www.inaturalist.org/observations/153404134,2023-04-01,research,Layia platyglossa,tidy tips,pocketmouse,"Carrizo Plain National Monument, Santa Margarita, CA, US",Flowering,Yes
153395643,https://www.inaturalist.org/observations/153395643,2023-04-02,research,Layia platyglossa,tidy tips,sambiosis,"Santa Margarita, CA, US",Flowering,Yes
153382979,https://www.inaturalist.org/observations/153382979,2023-04-03,research,Layia platyglossa,tidy tips,pplvsdogs,"Orange Foothills, Orange, CA, US",Flowering,Yes
153380328,https://www.inaturalist.org/observations/153380328,2023-04-03,research,Layia platyglossa,tidy tips,salvmell,"Carrizo Plain National Monument, Santa Margarita, CA, US",Flowering,Yes
153367076,https://www.inaturalist.org/observations/153367076,2023-03-26,research,Layia platyglossa,tidy tips,paulexcoff,"Santa Barbara, California, United States",Flowering,Yes
153359281,https://www.inaturalist.org/observations/153359281,2023-04-03,research,Layia platyglossa,tidy tips,scriv,Homeland,Flowering,Yes
153354010,https://www.inaturalist.org/observations/153354010,2023-04-02,research,Layia platyglossa,tidy tips,leafybye,"San Luis Obispo County, US-CA, US",Flowering,Yes
153342351,https://www.inaturalist.org/observations/153342351,2023-04-02,research,Layia platyglossa,tidy tips,zanemoore,"San Luis Obispo County, CA, USA",Flowering,Yes
153322334,https://www.inaturalist.org/observations/153322334,2023-04-02,research,Layia platyglossa,tidy tips,spyingnaturalist,"Санта-Маргарита, CA, US",Flowering,Yes
153292866,https://www.inaturalist.org/observations/153292866,2023-04-02,research,Layia platyglossa,tidy tips,bexicle777,"Shell Creek Rd, Santa Margarita, CA, US",Flowering,Yes
153291991,https://www.inaturalist.org/observations/153291991,2023-04-02,research,Layia platyglossa,tidy tips,gabi194,"Los Angeles, CA 91604, USA",Flowering,Yes
153278789,https://www.inaturalist.org/observations/153278789,2023-04-02,research,Layia platyglossa,tidy tips,kellyalycemcdonald,"Seven Mile Rd, Santa Margarita, CA, US",Flowering,Yes
153267652,https://www.inaturalist.org/observations/153267652,2023-04-02,research,Layia platyglossa,tidy tips,kissakissa,"San Luis Obispo County, US-CA, US",Flowering,Yes
153265451,https://www.inaturalist.org/observations/153265451,2023-04-02,research,Layia platyglossa,tidy tips,kath2,"Cuyama, CA 93254, USA",Flowering,Yes
153228896,https://www.inaturalist.org/observations/153228896,2023-04-02,research,Layia platyglossa,tidy tips,tmaso,"Prisk Elementary School, Long Beach, CA, US",Flowering,Yes
153227589,https://www.inaturalist.org/observations/153227589,2023-04-02,research,Layia platyglossa,tidy tips,kellyalycemcdonald,"Shell Creek Rd, Santa Margarita, CA, US",Flowering,Yes
153220728,https://www.inaturalist.org/observations/153220728,2023-04-02,research,Layia platyglossa,tidy tips,bp_pb,"Hemet, CA, USA",Flowering,Yes
153200350,https://www.inaturalist.org/observations/153200350,2023-04-02,research,Layia platyglossa,tidy tips,cathyspence1,"Basil St, Encinitas, CA, US",Flowering,Yes
153195881,https://www.inaturalist.org/observations/153195881,2023-04-02,research,Layia platyglossa,tidy tips,stevennoyes,"Hemet, CA, USA",Flowering,Yes
153144231,https://www.inaturalist.org/observations/153144231,2023-04-01,research,Layia platyglossa,tidy tips,johnjosephgiacinto,"Shell Creek Rd, Santa Margarita, CA, US",Flowering,Yes
153124657,https://www.inaturalist.org/observations/153124657,2023-03-31,research,Layia platyglossa,tidy tips,cbartels,"Cerritos Ave, Long Beach, CA, US",Flowering,Yes
153120716,https://www.inaturalist.org/observations/153120716,2023-04-01,research,Layia platyglossa,tidy tips,ldrenth1,"San Luis Obispo County, US-CA, US",Flowering,Yes
153114924,https://www.inaturalist.org/observations/153114924,2023-04-01,research,Layia platyglossa,tidy tips,natsquid,"Shell Creek Rd, Santa Margarita, CA, US",Flowering,Yes
153107950,https://www.inaturalist.org/observations/153107950,2023-03-25,research,Layia platyglossa,tidy tips,graham_montgomery,"San Luis Obispo, California, United States",Flowering,Yes
153094437,https://www.inaturalist.org/observations/153094437,2023-04-01,research,Layia platyglossa,tidy tips,kmaccormick,Brea,Flowering,Yes
153090958,https://www.inaturalist.org/observations/153090958,2023-04-01,research,Layia platyglossa,tidy tips,jpswanson,"Ardmore Park, Hermosa Beach, CA, US",Flowering,Yes
153087901,https://www.inaturalist.org/observations/153087901,2023-03-31,research,Layia platyglossa,tidy tips,marciedb,"Creston, CA, US",Flowering,Yes
153082070,https://www.inaturalist.org/observations/153082070,2023-04-01,research,Layia platyglossa,tidy tips,kristanicole,"Mt. Helix Park, La Mesa, CA, US",Flowering,Yes
153072009,https://www.inaturalist.org/observations/153072009,2023-04-01,research,Layia platyglossa,tidy tips,jonasbrown,Moreno Valley,Flowering,Yes
153067701,https://www.inaturalist.org/observations/153067701,2023-04-01,research,Layia platyglossa,tidy tips,kimsdrvc,"San Pasqual Valley, San Diego, CA, USA",Flowering,Yes
153063816,https://www.inaturalist.org/observations/153063816,2023-04-01,research,Layia platyglossa,tidy tips,fake_id,"Shandon, CA 93461, USA",Flowering,Yes
153050330,https://www.inaturalist.org/observations/153050330,2023-03-31,research,Layia platyglossa,tidy tips,brandyritchie,"Hemet, CA, US",Flowering,Yes
153043023,https://www.inaturalist.org/observations/153043023,2023-03-31,research,Layia platyglossa,tidy tips,sara1300,"SANTA MARGAR, CA 93453, USA",Flowering,Yes
153030636,https://www.inaturalist.org/observations/153030636,2023-03-31,research,Layia platyglossa,tidy tips,pleistocene,"Burson Ranch Rd, Fillmore, CA, US",Flowering,Yes
153030212,https://www.inaturalist.org/observations/153030212,2023-03-22,research,Layia platyglossa,tidy tips,johnreiss,"Hemet, CA, US",Flowering,Yes
153030201,https://www.inaturalist.org/observations/153030201,2023-03-22,research,Layia platyglossa,tidy tips,johnreiss,"Hemet, CA, US",Flowering,Yes
153009790,https://www.inaturalist.org/observations/153009790,2023-03-31,research,Layia platyglossa,tidy tips,adiantumluz,"Burson Ranch Rd, Fillmore, CA, US",Flowering,Yes
153002386,https://www.inaturalist.org/observations/153002386,2023-03-31,research,Layia platyglossa,tidy tips,alycejay,"Los Feliz, Los Angeles, CA, USA",Flowering,Yes
153000135,https://www.inaturalist.org/observations/153000135,2023-03-31,research,Layia platyglossa,tidy tips,fayeyun,"Hemet, CA, USA",Flowering,Yes
152999826,https://www.inaturalist.org/observations/152999826,2023-03-30,research,Layia platyglossa,tidy tips,iandeas,"Carrizo Plain National Monument, Santa Margarita, CA, US",Flowering,Yes
152990356,https://www.inaturalist.org/observations/152990356,2023-03-31,research,Layia platyglossa,tidy tips,sbstrongbeach,"Hemet, CA, US",Flowering,Yes
152898971,https://www.inaturalist.org/observations/152898971,2023-03-30,research,Layia platyglossa,tidy tips,njjturner,"Los Angeles County, US-CA, US",Flowering,Yes
152887144,https://www.inaturalist.org/observations/152887144,2023-03-30,research,Layia platyglossa,tidy tips,newt77,"SANTA MARGAR, CA 93453, USA",Flowering,Yes
152877679,https://www.inaturalist.org/observations/152877679,2023-03-30,research,Layia platyglossa,tidy tips,bbuzas,"Grant Park, Ventura, CA, US",Flowering,Yes
152873009,https://www.inaturalist.org/observations/152873009,2023-03-30,research,Layia platyglossa,tidy tips,mattiwan,"San Diego, CA 92127, USA",Flowering,Yes
152845781,https://www.inaturalist.org/observations/152845781,2023-03-27,research,Layia platyglossa,tidy tips,crafty_lyzard,"San Pasqual Valley, San Diego, CA, USA",Flowering,Yes
152787353,https://www.inaturalist.org/observations/152787353,2023-03-28,research,Layia platyglossa,tidy tips,agliolio,"Orange Foothills, Orange, CA, US",Flowering,Yes
152786251,https://www.inaturalist.org/observations/152786251,2023-03-28,research,Layia platyglossa,tidy tips,samantha1128,14249 Vista Hills Drive,Flowering,Yes
152768339,https://www.inaturalist.org/observations/152768339,2023-03-27,research,Layia platyglossa,tidy tips,mgruen,"Orange County, US-CA, US",Flowering,Yes
152701718,https://www.inaturalist.org/observations/152701718,2023-03-27,research,Layia platyglossa,tidy tips,jimlight,"Ardmore Park, Hermosa Beach, CA, US",Flowering,Yes
152700530,https://www.inaturalist.org/observations/152700530,2023-03-26,research,Layia platyglossa,tidy tips,sporegalore,"Shell Creek Rd, Santa Margarita, CA, US",Flowering,Yes
152693585,https://www.inaturalist.org/observations/152693585,2023-03-26,research,Layia platyglossa,tidy tips,smichelet,"San Luis Obispo County, US-CA, US",Flowering,Yes
152692748,https://www.inaturalist.org/observations/152692748,2023-03-28,research,Layia platyglossa,tidy tips,jupitersbeard,"W Olympic Blvd, Los Angeles, CA, US",Flowering,Yes
152688291,https://www.inaturalist.org/observations/152688291,2023-03-28,research,Layia platyglossa,tidy tips,bradywelch,"Alta Pl, Los Angeles, CA, US",Flowering,Yes
152679035,https://www.inaturalist.org/observations/152679035,2023-03-28,research,Layia platyglossa,tidy tips,jrcowles,"Anaheim, CA 92808, USA",Flowering,Yes
152631087,https://www.inaturalist.org/observations/152631087,2023-03-27,research,Layia platyglossa,tidy tips,lblacquiere,"Santa Maria, CA, US",Flowering,Yes
152630173,https://www.inaturalist.org/observations/152630173,2023-03-28,research,Layia platyglossa,tidy tips,christybeck,"Mission Trails Regional Park, San Diego, CA, US",Flowering,Yes
152589448,https://www.inaturalist.org/observations/152589448,2023-03-25,research,Layia platyglossa,tidy tips,helenpayne,"Carrizo Plain National Monument, Santa Margarita, CA, US",Flowering,Yes
152588709,https://www.inaturalist.org/observations/152588709,2023-03-26,research,Layia platyglossa,tidy tips,helenpayne,"Carrisa Hwy, Santa Margarita, CA, US",Flowering,Yes
152588243,https://www.inaturalist.org/observations/152588243,2023-03-24,research,Layia platyglossa,tidy tips,dave197,"San Luis Obispo County, CA, USA",Flowering,Yes
152586952,https://www.inaturalist.org/observations/152586952,2023-03-27,research,Layia platyglossa,tidy tips,trevvan,"San Luis Obispo County, CA, USA",Flowering,Yes
152579808,https://www.inaturalist.org/observations/152579808,2023-03-27,research,Layia platyglossa,tidy tips,schizotypalvamp,"Palmdale, CA 93550, USA",Flowering,Yes
152573950,https://www.inaturalist.org/observations/152573950,2023-03-27,research,Layia platyglossa,tidy tips,mountainsong,"Father Junipero Serra Trail, San Diego, CA, USA",Flowering,Yes
152572197,https://www.inaturalist.org/observations/152572197,2023-03-27,research,Layia platyglossa,tidy tips,emmaranthaceae,"SANTA MARGAR, CA 93453, USA",Flowering,Yes
152551696,https://www.inaturalist.org/observations/152551696,2023-03-13,research,Layia platyglossa,tidy tips,galleon657,"Channel Islands National Park, Channel Islands, Santa Barbara County, US-CA, US",Flowering,Yes
152428889,https://www.inaturalist.org/observations/152428889,2023-03-26,research,Layia platyglossa,tidy tips,kvandepoele211,"Aliso and Wood Canyons Wilderness Park, Aliso Viejo, CA, US",Flowering,Yes
152376646,https://www.inaturalist.org/observations/152376646,2023-03-25,research,Layia platyglossa,tidy tips,arboretum_amy,"Hemet, CA, USA",Flowering,Yes
152269078,https://www.inaturalist.org/observations/152269078,2023-03-19,research,Layia platyglossa,tidy tips,keanu_andico,Diamond Valley Lake,Flowering,Yes
152214217,https://www.inaturalist.org/observations/152214217,2023-03-23,research,Layia platyglossa,tidy tips,david99,"Box Springs Mountain Reserve, Moreno Valley, CA, US",Flowering,Yes
152208729,https://www.inaturalist.org/observations/152208729,2023-03-24,research,Layia platyglossa,tidy tips,clarastuli,"Hemet, CA, US",Flowering,Yes
152026059,https://www.inaturalist.org/observations/152026059,2023-03-23,research,Layia platyglossa,tidy tips,flapflapglide,"Osgood Way, San Diego, CA, US",Flowering,Yes
151969729,https://www.inaturalist.org/observations/151969729,2023-03-22,research,Layia platyglossa,tidy tips,markkjames,"Mission Trails Regional Park, San Diego, CA, US",Flowering,Yes
151883561,https://www.inaturalist.org/observations/151883561,2023-03-16,research,Layia platyglossa,tidy tips,cclborneo,"Carrizo Plain National Monument, San Luis Obispo, California, United States",Flowering,Yes
151834846,https://www.inaturalist.org/observations/151834846,2023-03-20,research,Layia platyglossa,tidy tips,emyle_r,"Carrizo Plain National Monument, Santa Margarita, CA, US",Flowering,Yes
151806660,https://www.inaturalist.org/observations/151806660,2023-03-20,research,Layia platyglossa,tidy tips,leighlaughing,"Los Angeles County, US-CA, US",Flowering,Yes
151767603,https://www.inaturalist.org/observations/151767603,2023-03-20,research,Layia platyglossa,tidy tips,anthony1036,"Woodcrest, CA, USA",Flowering,Yes
151691826,https://www.inaturalist.org/observations/151691826,2023-03-19,research,Layia platyglossa,tidy tips,jingning42,"Hemet, CA, US",Flowering,Yes
151673502,https://www.inaturalist.org/observations/151673502,2023-03-19,research,Layia platyglossa,tidy tips,tamarviz,"West Valley High School, Hemet, CA, US",Flowering,Yes
151637128,https://www.inaturalist.org/observations/151637128,2023-03-18,research,Layia platyglossa,tidy tips,plantporn,"Shell Creek Rd, Santa Margarita, CA, US",Flowering,Yes
151622902,https://www.inaturalist.org/observations/151622902,2023-03-18,research,Layia platyglossa,tidy tips,nathantay,"San Dieguito River Park, Ramona, CA, US",Flowering,Yes
151612653,https://www.inaturalist.org/observations/151612653,2023-03-19,research,Layia platyglossa,tidy tips,jonasbrown,Moreno Valley,Flowering,Yes
151578909,https://www.inaturalist.org/observations/151578909,2023-03-18,research,Layia platyglossa,tidy tips,sheriff_woody_pct,"San Luis Obispo County, CA, USA",Flowering,Yes
151566477,https://www.inaturalist.org/observations/151566477,2023-03-18,research,Layia platyglossa,tidy tips,billpalmer,"Verda Ave, Escondido, CA 92025, USA",Flowering,Yes
151553856,https://www.inaturalist.org/observations/151553856,2023-03-16,research,Layia platyglossa,tidy tips,oches,"SANTA MARGAR, CA 93453, USA",Flowering,Yes
151551954,https://www.inaturalist.org/observations/151551954,2023-03-18,research,Layia platyglossa,tidy tips,jeffchiu,"Reservoir Canyon Open Space, San Luis Obispo, CA, US",Flowering,Yes
151512467,https://www.inaturalist.org/observations/151512467,2023-03-18,research,Layia platyglossa,tidy tips,jredinger,"San Luis Obispo County, US-CA, US",Flowering,Yes
151500983,https://www.inaturalist.org/observations/151500983,2023-03-18,research,Layia platyglossa,tidy tips,bjornman,Perris,Flowering,Yes
151488830,https://www.inaturalist.org/observations/151488830,2023-03-17,research,Layia platyglossa,tidy tips,mayerbri,"De Forest, Long Beach, CA 90805, USA",Flowering,Yes
151456309,https://www.inaturalist.org/observations/151456309,2023-03-11,research,Layia platyglossa,tidy tips,sarasabzi,"Holyoke Dr, Los Angeles, CA, US",Flowering,Yes
151456124,https://www.inaturalist.org/observations/151456124,2023-03-17,research,Layia platyglossa,tidy tips,pataxte,"San Luis Obispo County, US-CA, US",Flowering,Yes
151455566,https://www.inaturalist.org/observations/151455566,2023-03-17,research,Layia platyglossa,tidy tips,aaron_echols,"Trilogy, Temescal, CA, US",Flowering,Yes
151432921,https://www.inaturalist.org/observations/151432921,2023-03-17,research,Layia platyglossa,tidy tips,johnsonjustin,"Septo St, Los Angeles, CA, US",Flowering,Yes
151425950,https://www.inaturalist.org/observations/151425950,2023-03-05,research,Layia platyglossa,tidy tips,bellsofblue,"Reservoir Canyon Open Space, San Luis Obispo, CA, US",Flowering,Yes
151414093,https://www.inaturalist.org/observations/151414093,2023-03-17,research,Layia platyglossa,tidy tips,loonwatcher,"Carrizo Plain National Monument, San Luis Obispo County, US-CA, US",Flowering,Yes
151409874,https://www.inaturalist.org/observations/151409874,2023-03-17,research,Layia platyglossa,tidy tips,cyndih_la,"W Silver Lake Dr, Los Angeles, CA, US",Flowering,Yes
151358791,https://www.inaturalist.org/observations/151358791,2023-03-16,research,Layia platyglossa,tidy tips,njjturner,"Los Angeles County, US-CA, US",Flowering,Yes
151358121,https://www.inaturalist.org/observations/151358121,2023-03-16,research,Layia platyglossa,tidy tips,dgrimmphd,"Hemet, CA, USA",Flowering,Yes
151358116,https://www.inaturalist.org/observations/151358116,2023-03-16,research,Layia platyglossa,tidy tips,dgrimmphd,"Hemet, CA, USA",Flowering,Yes
151358115,https://www.inaturalist.org/observations/151358115,2023-03-16,research,Layia platyglossa,tidy tips,dgrimmphd,"Hemet, CA, USA",Flowering,Yes
151358113,https://www.inaturalist.org/observations/151358113,2023-03-16,research,Layia platyglossa,tidy tips,dgrimmphd,"Hemet, CA, USA",Flowering,Yes
151313456,https://www.inaturalist.org/observations/151313456,2023-03-16,research,Layia platyglossa,tidy tips,bojocabin,Los Angeles,Flowering,Yes
151042466,https://www.inaturalist.org/observations/151042466,2023-03-12,research,Layia platyglossa,tidy tips,markvalen,"Mission Trails Regional Park, San Diego, CA, US",Flowering,Yes
150691203,https://www.inaturalist.org/observations/150691203,2023-03-09,research,Layia platyglossa,tidy tips,ianrhodes,"N Bellflower Blvd, Long Beach, CA, US",Flowering,Yes
150672825,https://www.inaturalist.org/observations/150672825,2023-03-09,research,Layia platyglossa,tidy tips,jennfields,"San Luis Obispo, CA, US",Flowering,Yes
150668112,https://www.inaturalist.org/observations/150668112,2023-03-07,research,Layia platyglossa,tidy tips,mirts,"Santa Margarita, CA, US",Flowering,Yes
150637048,https://www.inaturalist.org/observations/150637048,2023-03-08,research,Layia platyglossa,tidy tips,robbhamilton,"Long Beach, CA, USA",Flowering,Yes
150631391,https://www.inaturalist.org/observations/150631391,2023-03-05,research,Layia platyglossa,tidy tips,arboretum_amy,"La Jolla, San Diego, CA, USA",Flowering,Yes
150536718,https://www.inaturalist.org/observations/150536718,2023-03-07,research,Layia platyglossa,tidy tips,runforcandy,"Reservoir Canyon Open Space, San Luis Obispo, CA, US",Flowering,Yes
150403825,https://www.inaturalist.org/observations/150403825,2023-03-05,research,Layia platyglossa,tidy tips,nick_barba,"Santa Catalina Island, CA, US",Flowering,Yes
150366848,https://www.inaturalist.org/observations/150366848,2023-03-05,research,Layia platyglossa,tidy tips,kattaileen,"Los Angeles County, US-CA, US",Flowering,Yes
150360470,https://www.inaturalist.org/observations/150360470,2023-03-05,research,Layia platyglossa,tidy tips,terrawild,"Hemet, CA, US",Flowering,Yes
150334590,https://www.inaturalist.org/observations/150334590,2023-03-05,research,Layia platyglossa,tidy tips,athenavl,"Carrisa Hwy, Santa Margarita, CA, US",Flowering,Yes
150280517,https://www.inaturalist.org/observations/150280517,2023-03-04,research,Layia platyglossa,tidy tips,aachkinazi,"Santiago Hills, Orange, CA, US",Flowering,Yes
150266446,https://www.inaturalist.org/observations/150266446,2023-03-04,research,Layia platyglossa,tidy tips,packardr90,"Lake Elsinore, CA, USA",Flowering,Yes
150166681,https://www.inaturalist.org/observations/150166681,2023-03-03,research,Layia platyglossa,tidy tips,shaji36457,"Skyview Rd, Winchester, CA, US",Flowering,Yes
150096803,https://www.inaturalist.org/observations/150096803,2023-03-01,research,Layia platyglossa,tidy tips,paulexcoff,"San Luis Obispo County, CA, USA",Flowering,Yes
150096792,https://www.inaturalist.org/observations/150096792,2023-03-01,research,Layia platyglossa,tidy tips,paulexcoff,"San Luis Obispo County, CA, USA",Flowering,Yes
150072805,https://www.inaturalist.org/observations/150072805,2023-03-02,research,Layia platyglossa,tidy tips,breemeup,"Glendora, CA 91740, USA",Flowering,Yes
149841610,https://www.inaturalist.org/observations/149841610,2023-02-27,research,Layia platyglossa,tidy tips,aarenas,"Colorado Lagoon, Long Beach, CA, US",Flowering,Yes
149841594,https://www.inaturalist.org/observations/149841594,2023-02-27,research,Layia platyglossa,tidy tips,aarenas,"Colorado Lagoon, Long Beach, CA, US",Flowering,Yes
149841494,https://www.inaturalist.org/observations/149841494,2023-02-27,research,Layia platyglossa,tidy tips,aarenas,"Colorado Lagoon, Long Beach, CA, US",Flowering,Yes
149747791,https://www.inaturalist.org/observations/149747791,2023-02-26,research,Layia platyglossa,tidy tips,mary2527,"San Luis Obispo, CA 93401, USA",Flowering,Yes
149590930,https://www.inaturalist.org/observations/149590930,2023-02-19,research,Layia platyglossa,tidy tips,nagibluetree,"Santiago Hills, Orange, CA, US",Flowering,Yes
149442139,https://www.inaturalist.org/observations/149442139,2023-02-22,research,Layia platyglossa,tidy tips,unholyboi,"St. Dominic School, Los Angeles, CA, US",Flowering,Yes
149388950,https://www.inaturalist.org/observations/149388950,2023-02-21,research,Layia platyglossa,tidy tips,jmaley,"Orange County, CA, USA",Flowering,Yes
149381370,https://www.inaturalist.org/observations/149381370,2023-02-21,research,Layia platyglossa,tidy tips,jacob_donaldson,"Crystal Cove State Park, Laguna Beach, CA, US",Flowering,Yes
149343033,https://www.inaturalist.org/observations/149343033,2023-02-21,research,Layia platyglossa,tidy tips,c_co11ins,"Bret Harte Elementary School, Long Beach, CA, US",Flowering,Yes
149251471,https://www.inaturalist.org/observations/149251471,2023-02-20,research,Layia platyglossa,tidy tips,neatogeo,"Clairemont Mesa East, San Diego, CA, USA",Flowering,Yes
149215954,https://www.inaturalist.org/observations/149215954,2023-02-19,research,Layia platyglossa,tidy tips,eridanlover,"Cleveland National Forest, Ramona, CA, US",Flowering,Yes
149192829,https://www.inaturalist.org/observations/149192829,2023-02-19,research,Layia platyglossa,tidy tips,emilytyrer,"Chase Ave, Los Angeles, CA, US",Flowering,Yes
149172267,https://www.inaturalist.org/observations/149172267,2023-02-19,research,Layia platyglossa,tidy tips,paivistahl,"Orange, CA 92869, USA",Flowering,Yes
149148445,https://www.inaturalist.org/observations/149148445,2023-02-18,research,Layia platyglossa,tidy tips,dgrimmphd,"Hemet, CA, USA",Flowering,Yes
148979871,https://www.inaturalist.org/observations/148979871,2023-02-17,research,Layia platyglossa,tidy tips,jacob_skaggs,"Corona, CA 92883, USA",No Evidence of Flowering,No
148950621,https://www.inaturalist.org/observations/148950621,2023-02-16,research,Layia platyglossa,tidy tips,runforcandy,"San Luis Obispo, CA, US",Flowering,Yes
148808829,https://www.inaturalist.org/observations/148808829,2023-02-14,research,Layia platyglossa,tidy tips,adaman797,"Walgrove Elementary, Los Angeles, CA, US",Flowering,Yes
148626836,https://www.inaturalist.org/observations/148626836,2023-02-12,research,Layia platyglossa,tidy tips,kellyalycemcdonald,"Reservoir Canyon Rd, San Luis Obispo, CA, US",Flowering,Yes
148625741,https://www.inaturalist.org/observations/148625741,2023-02-12,research,Layia platyglossa,tidy tips,alap,"Hayes Ave, Los Angeles, CA, US",Flowering,Yes
148325535,https://www.inaturalist.org/observations/148325535,2023-02-08,research,Layia platyglossa,tidy tips,jsszabo1,"Lake Elsinore, CA, USA",Flowering,Yes
148205572,https://www.inaturalist.org/observations/148205572,2023-02-06,research,Layia platyglossa,tidy tips,catfacedgirl,"Halison St, Torrance, CA, US",Flowering,Yes
147918179,https://www.inaturalist.org/observations/147918179,2023-02-02,research,Layia platyglossa,tidy tips,danielleruais,Orange,Flowering,Yes
147769000,https://www.inaturalist.org/observations/147769000,2023-01-31,research,Layia platyglossa,tidy tips,aimlow_flyhigh,"Corona, CA 92881, USA",Flowering,Yes
147741715,https://www.inaturalist.org/observations/147741715,2023-01-27,research,Layia platyglossa,tidy tips,leafybye,"Arroyo Grande, CA 93420, USA",Flowering,Yes
147489299,https://www.inaturalist.org/observations/147489299,2023-01-27,research,Layia platyglossa,tidy tips,catfacedgirl,"Bellemare Ave, Torrance, CA, US",No Evidence of Flowering,No
147414317,https://www.inaturalist.org/observations/147414317,2023-01-26,research,Layia platyglossa,tidy tips,amerca49,"Cal State LA, Los Angeles, CA, US",Flowering,Yes
147283744,https://www.inaturalist.org/observations/147283744,2023-01-24,research,Layia platyglossa,tidy tips,skullroy,"Buckley Rd, San Luis Obispo, CA, US",Flowering,Yes
146804969,https://www.inaturalist.org/observations/146804969,2023-01-11,research,Layia platyglossa,tidy tips,heatherliz,"Feliz Dr, Oak View, CA, US",Flowering,Yes
146737909,https://www.inaturalist.org/observations/146737909,2023-01-16,research,Layia platyglossa,tidy tips,vfgillis,"San Thomas Ct, Rancho Cucamonga, CA, US",Flowering,Yes
146085572,https://www.inaturalist.org/observations/146085572,2023-01-07,research,Layia platyglossa,tidy tips,leafybye,"San Luis Obispo County, US-CA, US",Flowering,Yes
145703859,https://www.inaturalist.org/observations/145703859,2023-01-02,research,Layia platyglossa,tidy tips,iwoodard,"Babe Ln, San Luis Obispo, CA, US",Flowering,Yes
144368459,https://www.inaturalist.org/observations/144368459,2021-05-05,research,Layia platyglossa,tidy tips,jimandre,"San Bernardino National Forest, Riverside County, US-CA, US",Flowering,Yes
140590093,https://www.inaturalist.org/observations/140590093,2022-04-25,research,Layia platyglossa,tidy tips,pineten,"San Luis Obispo, CA 93401, USA",Flowering,Yes
140557407,https://www.inaturalist.org/observations/140557407,2021-04-19,research,Layia platyglossa,tidy tips,jimandre,"San Diego County, CA, USA",Flowering,Yes
140556901,https://www.inaturalist.org/observations/140556901,2022-05-04,research,Layia platyglossa,tidy tips,jimandre,"San Diego County, CA, USA",Flowering,Yes
136337176,https://www.inaturalist.org/observations/136337176,2022-04-16,research,Layia platyglossa,tidy tips,matthew_salkiewicz,"Madrona Marsh, Torrance, California",Flowering,Yes
131769241,https://www.inaturalist.org/observations/131769241,2022-05-30,research,Layia platyglossa,tidy tips,jimirob1,"San Diego County, CA, USA",Flowering,Yes
130441840,https://www.inaturalist.org/observations/130441840,2022-03-01,research,Layia platyglossa,tidy tips,pineten,"San Luis Obispo, CA 93401, USA",Flowering,Yes
120960534,https://www.inaturalist.org/observations/120960534,2022-05-27,research,Layia platyglossa,tidy tips,marivillasol,"Santa Barbara County, CA, USA",Flower Budding,Yes
120617436,https://www.inaturalist.org/observations/120617436,2022-05-28,research,Layia platyglossa,tidy tips,bjones7777,"Riverside County, CA, USA",Flowering,Yes
120425923,https://www.inaturalist.org/observations/120425923,2022-04-26,research,Layia platyglossa,tidy tips,ectothermist,"San Diego County, CA, USA",Flowering,Yes
119699189,https://www.inaturalist.org/observations/119699189,2022-05-25,research,Layia platyglossa,tidy tips,kingsgate,"San Diego County, CA, USA",Flowering,Yes
119532473,https://www.inaturalist.org/observations/119532473,2022-05-30,research,Layia platyglossa,tidy tips,gene70,"Cambria, CA, USA",Flowering,Yes
119491392,https://www.inaturalist.org/observations/119491392,2022-05-30,research,Layia platyglossa,tidy tips,grmorrison,"E Ontario Ranch Rd, Ontario, CA, US",Flowering,Yes
119157654,https://www.inaturalist.org/observations/119157654,2022-05-28,research,Layia platyglossa,tidy tips,adbarton,"Cleveland National Forest, Descanso, CA, US",Flowering,Yes
119128513,https://www.inaturalist.org/observations/119128513,2022-05-28,research,Layia platyglossa,tidy tips,shelilton,"Crystal Cove State Park, Laguna Beach, CA, US",Flowering,Yes
118926229,https://www.inaturalist.org/observations/118926229,2022-05-26,research,Layia platyglossa,tidy tips,corynactis,"Friends of the Fiscalini Ranch Preserve, Cambria, CA, US",Flowering,Yes
118748207,https://www.inaturalist.org/observations/118748207,2022-04-29,research,Layia platyglossa,tidy tips,alice_abela,"California, US",Flowering,Yes
118232052,https://www.inaturalist.org/observations/118232052,2022-05-22,research,Layia platyglossa,tidy tips,aplesnoaks,"Monte Vista Park, Carpinteria, CA, US",Flowering,Yes
118122772,https://www.inaturalist.org/observations/118122772,2022-05-21,research,Layia platyglossa,tidy tips,mallorn,"Friends of the Fiscalini Ranch Preserve, Cambria, CA, US",Flowering,Yes
117544668,https://www.inaturalist.org/observations/117544668,2022-05-17,research,Layia platyglossa,tidy tips,thewildone,"Cuish-Cuish East Mesa Cultural Preserve, Descanso, CA, US",Flowering,Yes
117394963,https://www.inaturalist.org/observations/117394963,2022-05-16,research,Layia platyglossa,tidy tips,efmer,"San Diego County, CA, USA",Flowering,Yes
117365602,https://www.inaturalist.org/observations/117365602,2022-05-13,research,Layia platyglossa,tidy tips,tchester,"Riverside County, CA, USA",Flowering,Yes
117323863,https://www.inaturalist.org/observations/117323863,2022-05-11,research,Layia platyglossa,tidy tips,kingsgate,"San Diego County, CA, USA",Flowering,Yes
117180158,https://www.inaturalist.org/observations/117180158,2022-05-13,research,Layia platyglossa,tidy tips,rosemaryglos,"San Diego County, CA, USA",Flowering,Yes
117102542,https://www.inaturalist.org/observations/117102542,2022-05-14,research,Layia platyglossa,tidy tips,klyle161,"Mt Laguna, CA 91948, USA",Flowering,Yes
117090152,https://www.inaturalist.org/observations/117090152,2022-03-19,research,Layia platyglossa,tidy tips,haustin,"6350 Woodley Ave, Van Nuys, CA 91436, USA",Flowering,Yes
116819584,https://www.inaturalist.org/observations/116819584,2022-05-12,research,Layia platyglossa,tidy tips,calliquail,"Los Padres National Forest, Frazier Park, CA, US",Flowering,Yes
116773040,https://www.inaturalist.org/observations/116773040,2022-05-12,research,Layia platyglossa,tidy tips,chabingus,"San Luis Obispo, CA, US",Flowering,Yes
116720919,https://www.inaturalist.org/observations/116720919,2022-05-11,research,Layia platyglossa,tidy tips,vfgillis,"San Thomas Ct, Rancho Cucamonga, CA, US",Flowering,Yes
116620533,https://www.inaturalist.org/observations/116620533,2022-05-11,research,Layia platyglossa,tidy tips,manidae,"Bedford Motor Way, Corona, CA, US",Flowering,Yes
116593477,https://www.inaturalist.org/observations/116593477,2022-03-20,research,Layia platyglossa,tidy tips,michelelaw,"San Dieguito River Park, San Diego, CA, US",Flowering,Yes
116455953,https://www.inaturalist.org/observations/116455953,2022-03-21,research,Layia platyglossa,tidy tips,carexobnupta,"Marron Valley Road, Otay National Co-op. Land and Wildlife Mngmt. Area, San Diego, California, United States",Flowering,Yes
116340197,https://www.inaturalist.org/observations/116340197,2022-05-09,research,Layia platyglossa,tidy tips,derekstakelum,"Julian, CA 92036, USA",Flowering,Yes
116308715,https://www.inaturalist.org/observations/116308715,2022-05-03,research,Layia platyglossa,tidy tips,aaldous,"Julian, CA 92036, USA",Flowering,Yes
116243713,https://www.inaturalist.org/observations/116243713,2022-05-06,research,Layia platyglossa,tidy tips,betweenthelyons,"Santa Margarita, CA, US",Flowering,Yes
115885175,https://www.inaturalist.org/observations/115885175,2022-05-02,research,Layia platyglossa,tidy tips,smfang,"Cleveland National Forest, Alpine, CA, US",Flowering,Yes
115735579,https://www.inaturalist.org/observations/115735579,2022-04-30,research,Layia platyglossa,tidy tips,patsimpson2000,"San Diego County, CA, USA",Flowering,Yes
115704509,https://www.inaturalist.org/observations/115704509,2022-04-30,research,Layia platyglossa,tidy tips,chalon9,"Cleveland National Forest, Descanso, CA, US",Flowering,Yes
115671564,https://www.inaturalist.org/observations/115671564,2022-05-05,research,Layia platyglossa,tidy tips,wendy176,"Friends of the Fiscalini Ranch Preserve, Cambria, CA, US",Flowering,Yes
115467939,https://www.inaturalist.org/observations/115467939,2022-05-03,research,Layia platyglossa,tidy tips,lagoondon,"Riverside County, CA, USA",Flowering,Yes
115338293,https://www.inaturalist.org/observations/115338293,2022-05-02,research,Layia platyglossa,tidy tips,smfang,"Cleveland National Forest, Alpine, CA, US",Flowering,Yes
115261027,https://www.inaturalist.org/observations/115261027,2022-05-03,research,Layia platyglossa,tidy tips,efmer,"San Diego County, CA, USA",Flowering,Yes
115261019,https://www.inaturalist.org/observations/115261019,2022-05-03,research,Layia platyglossa,tidy tips,efmer,"San Diego County, CA, USA",Flowering,Yes
115261016,https://www.inaturalist.org/observations/115261016,2022-05-03,research,Layia platyglossa,tidy tips,efmer,"San Diego County, CA, USA",Flowering,Yes
115261013,https://www.inaturalist.org/observations/115261013,2022-05-03,research,Layia platyglossa,tidy tips,efmer,"San Diego County, CA, USA",Flowering,Yes
115253200,https://www.inaturalist.org/observations/115253200,2022-05-03,research,Layia platyglossa,tidy tips,hansbaumann,"Gates Pl, South Pasadena, CA, US",Flowering,Yes
114951264,https://www.inaturalist.org/observations/114951264,2022-05-02,research,Layia platyglossa,tidy tips,blake911,"Los Angeles County, CA, USA",Flowering,Yes
114873096,https://www.inaturalist.org/observations/114873096,2022-05-02,research,Layia platyglossa,tidy tips,rowshan_art,"San Diego County, Cleveland National Forest, US-CA, US",Flowering,Yes
114584666,https://www.inaturalist.org/observations/114584666,2022-05-01,research,Layia platyglossa,tidy tips,annagypsy,"Anza-Borrego Desert State Park, Julian, CA, US",Flowering,Yes
114514879,https://www.inaturalist.org/observations/114514879,2022-05-01,research,Layia platyglossa,tidy tips,jacobogre,"Anza-Borrego Desert State Park, Julian, CA, US",Flowering,Yes
114401417,https://www.inaturalist.org/observations/114401417,2022-05-01,research,Layia platyglossa,tidy tips,bethredmondjones,"Cleveland National Forest, Alpine, CA, US",Flowering,Yes
114397418,https://www.inaturalist.org/observations/114397418,2022-05-01,research,Layia platyglossa,tidy tips,sage_and_seaweed,"Anza-Borrego Desert State Park, Julian, CA, US",Flowering,Yes
114278791,https://www.inaturalist.org/observations/114278791,2022-05-01,research,Layia platyglossa,tidy tips,paula951,"Carson, CA 90810, USA",Flowering,Yes
114265522,https://www.inaturalist.org/observations/114265522,2022-04-30,research,Layia platyglossa,tidy tips,avalon365,"Avalon, CA 90704, USA",Flowering,Yes
114265059,https://www.inaturalist.org/observations/114265059,2022-05-01,research,Layia platyglossa,tidy tips,rowshan_art,"Anza-Borrego Desert, San Diego County, US-CA, US",Flowering,Yes
114119260,https://www.inaturalist.org/observations/114119260,2022-04-30,research,Layia platyglossa,tidy tips,avalon365,"Avalon, CA 90704, USA",Flowering,Yes
114046646,https://www.inaturalist.org/observations/114046646,2022-04-30,research,Layia platyglossa,tidy tips,smccutch,"Julian, CA 92036, USA",Flowering,Yes
113904418,https://www.inaturalist.org/observations/113904418,2022-04-28,research,Layia platyglossa,tidy tips,snakeinmypocket,"Miramar, San Diego, CA, USA",Flowering,Yes
113651590,https://www.inaturalist.org/observations/113651590,2022-04-29,research,Layia platyglossa,tidy tips,mhrains,"San Diego County, CA, USA",Flowering,Yes
113633159,https://www.inaturalist.org/observations/113633159,2022-04-01,research,Layia platyglossa,tidy tips,gilbertj,"San Luis Obispo County, CA, USA",Flowering,Yes
113298536,https://www.inaturalist.org/observations/113298536,2022-04-26,research,Layia platyglossa,tidy tips,ojaiensis,"Los Padres National Forest, Santa Barbara, CA, US",Flowering,Yes
113286527,https://www.inaturalist.org/observations/113286527,2022-04-28,research,Layia platyglossa,tidy tips,cornbuckle,Carrizo Plain National Monument,Flowering,Yes
113265975,https://www.inaturalist.org/observations/113265975,2022-04-28,research,Layia platyglossa,tidy tips,frankly35,"SANTA MARGAR, CA 93453, USA",Flowering,Yes
113236612,https://www.inaturalist.org/observations/113236612,2022-04-28,research,Layia platyglossa,tidy tips,bgraham,"Ojai Meadows Preserve, Ojai, CA, US",Flowering,Yes
113215419,https://www.inaturalist.org/observations/113215419,2022-04-25,research,Layia platyglossa,tidy tips,mylodon,"Channel Islands National Park, Channel Islands, Santa Barbara County, US-CA, US",Flowering,Yes
113185318,https://www.inaturalist.org/observations/113185318,2022-04-05,research,Layia platyglossa,tidy tips,moedailey,"Carrizo Plain National Monument, Santa Margarita, CA, US",Flowering,Yes
113156144,https://www.inaturalist.org/observations/113156144,2022-04-27,research,Layia platyglossa,tidy tips,katyarose1,"Mt Laguna, CA 91948, USA",Flowering,Yes
113058069,https://www.inaturalist.org/observations/113058069,2022-04-23,research,Layia platyglossa,tidy tips,trevvan,"San Diego, Cleveland National Forest, California, United States",Flowering,Yes
112926703,https://www.inaturalist.org/observations/112926703,2022-04-25,research,Layia platyglossa,tidy tips,hikingsandiego,"Cleveland National Forest, Descanso, CA, US",Flowering,Yes
112926456,https://www.inaturalist.org/observations/112926456,2022-04-25,research,Layia platyglossa,tidy tips,hikingsandiego,"Cleveland National Forest, Descanso, CA, US",Flowering,Yes
112904723,https://www.inaturalist.org/observations/112904723,2022-04-25,research,Layia platyglossa,tidy tips,efmer,"San Diego County, CA, USA",Flowering,Yes
112856878,https://www.inaturalist.org/observations/112856878,2022-04-23,research,Layia platyglossa,tidy tips,pherder,"Ventura County, CA, USA",Flowering,Yes
112804129,https://www.inaturalist.org/observations/112804129,2022-04-23,research,Layia platyglossa,tidy tips,hogpotato,"Silver Lake, Los Angeles, CA, USA",Flowering,Yes
112783530,https://www.inaturalist.org/observations/112783530,2022-04-24,research,Layia platyglossa,tidy tips,larryhendrickson,"Anza-Borrego Desert State Park, Julian, CA, US",Flowering,Yes
112766974,https://www.inaturalist.org/observations/112766974,2022-04-20,research,Layia platyglossa,tidy tips,wranglebees,"San Diego County, CA, USA",Flowering,Yes
112738902,https://www.inaturalist.org/observations/112738902,2022-04-24,research,Layia platyglossa,tidy tips,samiaceae,"Reche Canyon, Grand Terrace, CA, US",Flowering,Yes
112625275,https://www.inaturalist.org/observations/112625275,2022-04-21,research,Layia platyglossa,tidy tips,morganstickrod,"Ventura County, CA, USA",Flowering,Yes
112591595,https://www.inaturalist.org/observations/112591595,2022-04-23,research,Layia platyglossa,tidy tips,jim76,"Ariane Dr, San Diego, CA, US",Flowering,Yes
112571805,https://www.inaturalist.org/observations/112571805,2022-04-23,research,Layia platyglossa,tidy tips,arboretum_amy,"Limestone-Whiting Wilderness Park, Orange County, US-CA, US",Flowering,Yes
112449858,https://www.inaturalist.org/observations/112449858,2022-04-14,research,Layia platyglossa,tidy tips,jimmyjamhikes,"Julian, CA 92036, USA",Flowering,Yes
112427275,https://www.inaturalist.org/observations/112427275,2022-04-20,research,Layia platyglossa,tidy tips,alanking,"San Diego, CA, USA",Flowering,Yes
112120313,https://www.inaturalist.org/observations/112120313,2022-04-19,research,Layia platyglossa,tidy tips,pleistocene,"Burson Ranch Rd, Fillmore, CA, US",Flowering,Yes
112083965,https://www.inaturalist.org/observations/112083965,2022-04-19,research,Layia platyglossa,tidy tips,johnmartin,"Conservation Fund, San Diego, California, United States",Flowering,Yes
112069985,https://www.inaturalist.org/observations/112069985,2022-04-08,research,Layia platyglossa,tidy tips,kyleas98,"San Luis Obispo, California, United States",Flowering,Yes
112069980,https://www.inaturalist.org/observations/112069980,2022-04-08,research,Layia platyglossa,tidy tips,kyleas98,"San Luis Obispo, California, United States",Flowering,Yes
112043978,https://www.inaturalist.org/observations/112043978,2022-04-17,research,Layia platyglossa,tidy tips,margaretelizondo,"Cleveland National Forest, Alpine, CA, US",Flowering,Yes
111883185,https://www.inaturalist.org/observations/111883185,2022-04-17,research,Layia platyglossa,tidy tips,plantsoflacounty,"Tuxford St, Los Angeles, CA, US",Flowering,Yes
111820955,https://www.inaturalist.org/observations/111820955,2022-04-17,research,Layia platyglossa,tidy tips,shawna11,"San Pasqual Valley, San Diego, CA, USA",Flowering,Yes
111791566,https://www.inaturalist.org/observations/111791566,2022-04-16,research,Layia platyglossa,tidy tips,johnjosephgiacinto,"Reservoir Canyon Open Space, San Luis Obispo, CA, US",Flowering,Yes
111689958,https://www.inaturalist.org/observations/111689958,2022-04-16,research,Layia platyglossa,tidy tips,kimaceae,"Wedgewood St, Cambria, CA, US",Flowering,Yes
111438129,https://www.inaturalist.org/observations/111438129,2022-03-19,research,Layia platyglossa,tidy tips,paulexcoff,"San Luis Obispo, California, United States",Flowering,Yes
111409504,https://www.inaturalist.org/observations/111409504,2022-04-10,research,Layia platyglossa,tidy tips,trevvan,"Anza-Borrego Desert, San Diego, California, United States",Flowering,Yes
111378498,https://www.inaturalist.org/observations/111378498,2022-04-13,research,Layia platyglossa,tidy tips,jimmyjamhikes,"Ramona, CA 92065, USA",Flowering,Yes
111281492,https://www.inaturalist.org/observations/111281492,2022-04-09,research,Layia platyglossa,tidy tips,littlegrove,"Los Angeles County, CA, USA",Flowering,Yes
111147379,https://www.inaturalist.org/observations/111147379,2022-04-09,research,Layia platyglossa,tidy tips,sue_meiman,"Los Angeles County, CA, USA",Flowering,Yes
111133166,https://www.inaturalist.org/observations/111133166,2022-04-11,research,Layia platyglossa,tidy tips,sosolost,"Meiners Oaks, CA 93023, USA",Flowering,Yes
111123847,https://www.inaturalist.org/observations/111123847,2022-03-08,research,Layia platyglossa,tidy tips,kevinhernandez1,"Chino, CA, US",Flowering,Yes
111107427,https://www.inaturalist.org/observations/111107427,2022-04-11,research,Layia platyglossa,tidy tips,maolson,"Dulzura, CA, US",Flowering,Yes
111007184,https://www.inaturalist.org/observations/111007184,2022-04-10,research,Layia platyglossa,tidy tips,larryhendrickson,"Anza-Borrego Desert State Park, Descanso, CA, US",Flowering,Yes
110983736,https://www.inaturalist.org/observations/110983736,2022-04-08,research,Layia platyglossa,tidy tips,emmaranthaceae,"San Luis Obispo, California, United States",Flowering,Yes
110917381,https://www.inaturalist.org/observations/110917381,2022-04-09,research,Layia platyglossa,tidy tips,mhrains,"San Diego County, CA, USA",Flowering,Yes
110863671,https://www.inaturalist.org/observations/110863671,2022-04-09,research,Layia platyglossa,tidy tips,growingsandiego,"El Paso St, La Mesa, CA, US",Flowering,Yes
110824382,https://www.inaturalist.org/observations/110824382,2022-04-04,research,Layia platyglossa,tidy tips,smfang,"Cleveland National Forest, Alpine, CA, US",Flowering,Yes
110820399,https://www.inaturalist.org/observations/110820399,2022-04-02,research,Layia platyglossa,tidy tips,turkishvulture,"SANTA MARGAR, CA 93453, USA",Flowering,Yes
110815766,https://www.inaturalist.org/observations/110815766,2022-04-08,research,Layia platyglossa,tidy tips,mida68,"Hemet, CA 92544, USA",Flowering,Yes
110770006,https://www.inaturalist.org/observations/110770006,2022-04-01,research,Layia platyglossa,tidy tips,euproserpinus,"San Luis Obispo County, CA, USA",Flowering,Yes
110719572,https://www.inaturalist.org/observations/110719572,2022-04-03,research,Layia platyglossa,tidy tips,leafybye,"San Luis Obispo County, US-CA, US",Flowering,Yes
110693468,https://www.inaturalist.org/observations/110693468,2022-04-07,research,Layia platyglossa,tidy tips,leafybye,"Arroyo Grande, CA 93420, USA",Flowering,Yes
110638308,https://www.inaturalist.org/observations/110638308,2022-04-06,research,Layia platyglossa,tidy tips,ljbrenner,"Ventura, CA 93001, USA",Flowering,Yes
110633465,https://www.inaturalist.org/observations/110633465,2022-04-02,research,Layia platyglossa,tidy tips,michellepicca,"Temecula, CA, USA",Flowering,Yes
110618122,https://www.inaturalist.org/observations/110618122,2022-04-06,research,Layia platyglossa,tidy tips,russnamitz,"Carrizo Plain National Monument, Santa Margarita, CA, US",Flowering,Yes
110577761,https://www.inaturalist.org/observations/110577761,2022-04-04,research,Layia platyglossa,tidy tips,a_wandering_ecologist,"Fillmore, CA 93015, USA",Flowering,Yes
110538268,https://www.inaturalist.org/observations/110538268,2022-04-05,research,Layia platyglossa,tidy tips,jtb716,"E Crestbrook Pl, Anaheim, CA, US",Flowering,Yes
110517994,https://www.inaturalist.org/observations/110517994,2022-04-05,research,Layia platyglossa,tidy tips,davidmagney,"San Luis Obispo County, US-CA, US",Flowering,Yes
110510498,https://www.inaturalist.org/observations/110510498,2022-04-05,research,Layia platyglossa,tidy tips,noiselessowl,"Reservoir Canyon Rd, San Luis Obispo, CA, US",Flowering,Yes
110495361,https://www.inaturalist.org/observations/110495361,2022-04-02,research,Layia platyglossa,tidy tips,g_heaton,"Santa Barbara County, CA, USA",Flowering,Yes
110485695,https://www.inaturalist.org/observations/110485695,2022-04-02,research,Layia platyglossa,tidy tips,johnjosephgiacinto,"Carrizo Plain National Monument, Santa Margarita, CA, US",Flowering,Yes
110451777,https://www.inaturalist.org/observations/110451777,2022-04-04,research,Layia platyglossa,tidy tips,ocmelissa,Hart Park,Flowering,Yes
110447527,https://www.inaturalist.org/observations/110447527,2022-04-04,research,Layia platyglossa,tidy tips,aplesnoaks,"Bailard Ave, Carpinteria, CA, US",Flowering,Yes
110426909,https://www.inaturalist.org/observations/110426909,2022-04-04,research,Layia platyglossa,tidy tips,jerrymaryniuk,"Ojai Meadows Preserve, Ojai, CA, US",Flowering,Yes
110368620,https://www.inaturalist.org/observations/110368620,2022-04-02,research,Layia platyglossa,tidy tips,slarm,"Monrovia, CA, USA",Flowering,Yes
110338115,https://www.inaturalist.org/observations/110338115,2022-04-03,research,Layia platyglossa,tidy tips,owlgirl3,"Mission Trails Regional Park, San Diego, CA, US",Flowering,Yes
110324542,https://www.inaturalist.org/observations/110324542,2022-04-03,research,Layia platyglossa,tidy tips,gwenfish,"Alpine, CA 91901, USA",Flowering,Yes
110316876,https://www.inaturalist.org/observations/110316876,2022-04-03,research,Layia platyglossa,tidy tips,plantporn,"Camatta Creek Rd, Santa Margarita, CA, US",Flowering,Yes
110313249,https://www.inaturalist.org/observations/110313249,2022-04-01,research,Layia platyglossa,tidy tips,betweenthelyons,"Carrizo Plain National Monument, Santa Margarita, CA, US",Flowering,Yes
110249034,https://www.inaturalist.org/observations/110249034,2022-04-02,research,Layia platyglossa,tidy tips,serpophaga,"Reservoir Canyon Open Space, San Luis Obispo, CA, US",Flowering,Yes
110205840,https://www.inaturalist.org/observations/110205840,2022-04-02,research,Layia platyglossa,tidy tips,vfgillis,"San Thomas Ct, Rancho Cucamonga, CA, US",Flowering,Yes
110197554,https://www.inaturalist.org/observations/110197554,2022-04-02,research,Layia platyglossa,tidy tips,susan1024,"San Pasqual Valley, San Diego, CA, USA",Flowering,Yes
110099736,https://www.inaturalist.org/observations/110099736,2022-04-01,research,Layia platyglossa,tidy tips,carolnrick,"San Luis Obispo County, US-CA, US",Flowering,Yes
110072574,https://www.inaturalist.org/observations/110072574,2022-03-31,research,Layia platyglossa,tidy tips,pleistocene,"Burson Ranch Rd, Fillmore, CA, US",Flowering,Yes
110064906,https://www.inaturalist.org/observations/110064906,2022-03-29,research,Layia platyglossa,tidy tips,barry_thomson,"San Luis Obispo County, CA, USA",Flowering,Yes
110037831,https://www.inaturalist.org/observations/110037831,2022-03-19,research,Layia platyglossa,tidy tips,lizzybeth5,"Torrey Preserve, San Diego, CA, USA",Flowering,Yes
109899777,https://www.inaturalist.org/observations/109899777,2022-03-27,research,Layia platyglossa,tidy tips,derekstakelum,"San Diego, CA 92119, USA",Flowering,Yes
109876161,https://www.inaturalist.org/observations/109876161,2022-03-29,research,Layia platyglossa,tidy tips,leafybye,"Los Berros Road, Arroyo Grande, CA 93420, USA",Flowering,Yes
109869497,https://www.inaturalist.org/observations/109869497,2022-03-27,research,Layia platyglossa,tidy tips,zach1r,"Brentwood Trail, Santa Margarita, CA, US",Flowering,Yes
109855686,https://www.inaturalist.org/observations/109855686,2022-03-26,research,Layia platyglossa,tidy tips,zach1r,"Carrizo Plain National Monument, Santa Margarita, CA, US",Flowering,Yes
109840891,https://www.inaturalist.org/observations/109840891,2022-03-26,research,Layia platyglossa,tidy tips,erikaashley11,"Carrizo Plain National Monument, Santa Margarita, CA, US",Flowering,Yes
109814924,https://www.inaturalist.org/observations/109814924,2022-03-28,research,Layia platyglossa,tidy tips,crafty_lyzard,"San Pasqual Valley, San Diego, CA, USA",Flowering,Yes
109814390,https://www.inaturalist.org/observations/109814390,2022-03-28,research,Layia platyglossa,tidy tips,crafty_lyzard,"San Pasqual Valley, San Diego, CA, USA",Flowering,Yes
109809964,https://www.inaturalist.org/observations/109809964,2022-03-28,research,Layia platyglossa,tidy tips,berl,"Shell Creek Rd, Santa Margarita, CA, US",Flowering,Yes
109796936,https://www.inaturalist.org/observations/109796936,2022-03-26,research,Layia platyglossa,tidy tips,trevvan,"Lake Murray, San Diego, CA, USA",Flowering,Yes
109761286,https://www.inaturalist.org/observations/109761286,2022-03-28,research,Layia platyglossa,tidy tips,har10per,"Green Valley Truck Trail, Poway, CA, US",Flowering,Yes
109728988,https://www.inaturalist.org/observations/109728988,2022-03-27,research,Layia platyglossa,tidy tips,georgewilliams1,"Santa Barbara County, CA, USA",Flowering,Yes
109716314,https://www.inaturalist.org/observations/109716314,2022-03-27,research,Layia platyglossa,tidy tips,oggy36,"La Trucha St, San Diego, CA, US",Flowering,Yes
109687087,https://www.inaturalist.org/observations/109687087,2022-03-27,research,Layia platyglossa,tidy tips,amyjwong,"Lower Clamshell Truck, Monrovia, CA, US",Flowering,Yes
109618252,https://www.inaturalist.org/observations/109618252,2022-03-23,research,Layia platyglossa,tidy tips,naturephotosuze,"San Luis Obispo County, CA, USA",Flowering,Yes
109616329,https://www.inaturalist.org/observations/109616329,2022-03-26,research,Layia platyglossa,tidy tips,delbosque,"Anza-Borrego Desert State Park, Descanso, CA, US",Flowering,Yes
109611726,https://www.inaturalist.org/observations/109611726,2022-03-26,research,Layia platyglossa,tidy tips,castillejajosie,"Carrizo Plain National Monument, Santa Margarita, CA, US",Flowering,Yes
109608276,https://www.inaturalist.org/observations/109608276,2022-03-26,research,Layia platyglossa,tidy tips,serpophaga,"San Luis Obispo County, CA, USA",Flowering,Yes
109596987,https://www.inaturalist.org/observations/109596987,2022-03-26,research,Layia platyglossa,tidy tips,dennisaur-fern,"SANTA MARGAR, CA 93453, USA",Flowering,Yes
109592724,https://www.inaturalist.org/observations/109592724,2022-03-23,research,Layia platyglossa,tidy tips,naturephotosuze,"San Luis Obispo County, CA, USA",Flowering,Yes
109581601,https://www.inaturalist.org/observations/109581601,2022-03-26,research,Layia platyglossa,tidy tips,hashimaree,"Santa Monica Mountains National Recreation Area, Malibu, CA, US",Flowering,Yes
109572437,https://www.inaturalist.org/observations/109572437,2022-03-26,research,Layia platyglossa,tidy tips,mchealthy,"Mesquite Ln, Corona, CA, US",Flowering,Yes
109564067,https://www.inaturalist.org/observations/109564067,2022-03-19,research,Layia platyglossa,tidy tips,fcmartin,"Sunset Park, Santa Monica, CA 90405, USA",Flowering,Yes
109541331,https://www.inaturalist.org/observations/109541331,2022-03-22,research,Layia platyglossa,tidy tips,matt_g,"SANTA MARGAR, CA 93453, USA",Flowering,Yes
109489996,https://www.inaturalist.org/observations/109489996,2022-03-25,research,Layia platyglossa,tidy tips,croast,"Vieja Dr, Santa Barbara, CA, US",Flowering,Yes
109459438,https://www.inaturalist.org/observations/109459438,2022-03-21,research,Layia platyglossa,tidy tips,ms-signhill,"Carrizo Plain National Monument, Santa Margarita, CA, US",Flowering,Yes
109440239,https://www.inaturalist.org/observations/109440239,2022-03-19,research,Layia platyglossa,tidy tips,mathazar,"Hemet, CA, US",Flowering,Yes
109428308,https://www.inaturalist.org/observations/109428308,2022-03-17,research,Layia platyglossa,tidy tips,frankiecoburn,"San Diego County, CA, USA",Flowering,Yes
109379979,https://www.inaturalist.org/observations/109379979,2022-03-24,research,Layia platyglossa,tidy tips,floydworks,"Carrizo Plain National Monument, Santa Margarita, CA, US",Flowering,Yes
109323344,https://www.inaturalist.org/observations/109323344,2022-03-22,research,Layia platyglossa,tidy tips,nutsaboutkitties,"Loma Alta Park, Altadena, CA, US",Flowering,Yes
109286413,https://www.inaturalist.org/observations/109286413,2022-03-22,research,Layia platyglossa,tidy tips,njjturner,"Los Angeles County, US-CA, US",Flowering,Yes
109185091,https://www.inaturalist.org/observations/109185091,2022-03-18,research,Layia platyglossa,tidy tips,farmerbeto,"Cuyama, CA 93254, USA",Flowering,Yes
109176350,https://www.inaturalist.org/observations/109176350,2022-03-21,research,Layia platyglossa,tidy tips,leahboyer,"Hillcrest Ave, La Mesa, CA, US",Flowering,Yes
109174290,https://www.inaturalist.org/observations/109174290,2022-03-21,research,Layia platyglossa,tidy tips,hunterconroy5,San Diego,Flowering,Yes
109150095,https://www.inaturalist.org/observations/109150095,2022-03-18,research,Layia platyglossa,tidy tips,alluvial_van,"Chula Vista, CA 91913, USA",Flowering,Yes
109122312,https://www.inaturalist.org/observations/109122312,2022-03-20,research,Layia platyglossa,tidy tips,vreinkymov,"Caspers Wilderness Park, Orange County, US-CA, US",Flowering,Yes
109113258,https://www.inaturalist.org/observations/109113258,2022-03-20,research,Layia platyglossa,tidy tips,onesteward,"Ronald W. Caspers Wilderness Park, Trabuco Canyon, CA, US",Flowering,Yes
109101404,https://www.inaturalist.org/observations/109101404,2022-03-20,research,Layia platyglossa,tidy tips,salvmell,"Ronald W. Caspers Wilderness Park, Trabuco Canyon, CA, US",Flowering,Yes
109075894,https://www.inaturalist.org/observations/109075894,2022-03-20,research,Layia platyglossa,tidy tips,aricuell97,"Los Angeles, CA 91411, USA",Flowering,Yes
109020172,https://www.inaturalist.org/observations/109020172,2022-03-12,research,Layia platyglossa,tidy tips,gilbertj,"San Luis Obispo, California, United States",Flowering,Yes
109015823,https://www.inaturalist.org/observations/109015823,2022-03-19,research,Layia platyglossa,tidy tips,caspianstern,"Figueroa Mountain Rd, Santa Ynez, CA, US",Flowering,Yes
109006865,https://www.inaturalist.org/observations/109006865,2022-03-19,research,Layia platyglossa,tidy tips,tr1llium,"Lower Clamshell Truck, Monrovia, CA, US",Flowering,Yes
108978891,https://www.inaturalist.org/observations/108978891,2022-03-19,research,Layia platyglossa,tidy tips,graha50258,"Agramonte Dr, Santa Clarita, CA, US",Flowering,Yes
108963962,https://www.inaturalist.org/observations/108963962,2022-03-18,research,Layia platyglossa,tidy tips,stevenmallonee,"Tustin, CA 92780, USA",Flowering,Yes
108961825,https://www.inaturalist.org/observations/108961825,2022-03-19,research,Layia platyglossa,tidy tips,sagevinje,"San Dieguito River Park, San Diego, CA, US",Flowering,Yes
108956510,https://www.inaturalist.org/observations/108956510,2022-03-18,research,Layia platyglossa,tidy tips,david99,"Riverside County, CA, USA",Flowering,Yes
108936957,https://www.inaturalist.org/observations/108936957,2022-03-17,research,Layia platyglossa,tidy tips,sticky_currant,"SANTA MARGAR, CA 93453, USA",Flowering,Yes
108925446,https://www.inaturalist.org/observations/108925446,2022-03-16,research,Layia platyglossa,tidy tips,alanking,"San Pasqual Valley, San Diego, CA, USA",Flowering,Yes
108912515,https://www.inaturalist.org/observations/108912515,2022-03-18,research,Layia platyglossa,tidy tips,unboundedacademy,"Los Angeles County, US-CA, US",Flowering,Yes
108891197,https://www.inaturalist.org/observations/108891197,2022-03-18,research,Layia platyglossa,tidy tips,teri_lane2018,"Hill and Canyon Area, Anaheim, CA, US",Flowering,Yes
108890709,https://www.inaturalist.org/observations/108890709,2022-03-18,research,Layia platyglossa,tidy tips,teri_lane2018,"Hill and Canyon Area, Anaheim, CA, US",Flowering,Yes
108857269,https://www.inaturalist.org/observations/108857269,2022-03-17,research,Layia platyglossa,tidy tips,gavinvanhorn,"Reservoir Canyon Open Space, San Luis Obispo, CA, US",Flowering,Yes
108855349,https://www.inaturalist.org/observations/108855349,2022-03-15,research,Layia platyglossa,tidy tips,scottybongo,"Reservoir Canyon Rd, San Luis Obispo, CA, US",Flowering,Yes
108840274,https://www.inaturalist.org/observations/108840274,2022-03-17,research,Layia platyglossa,tidy tips,jeff31,"Santa Barbara County, UCNRS, US-CA, US",Flowering,Yes
108812265,https://www.inaturalist.org/observations/108812265,2022-03-17,research,Layia platyglossa,tidy tips,lordonez,"Marine Corps Base Camp Pendleton, Fallbrook, CA, US",Flowering,Yes
108809605,https://www.inaturalist.org/observations/108809605,2022-03-15,research,Layia platyglossa,tidy tips,yellowbird27,"More Mesa Open Space, Santa Barbara, CA, US",Flowering,Yes
108784834,https://www.inaturalist.org/observations/108784834,2022-03-16,research,Layia platyglossa,tidy tips,coolnewbugs,"San Luis Obispo County, US-CA, US",Flowering,Yes
108732754,https://www.inaturalist.org/observations/108732754,2022-03-16,research,Layia platyglossa,tidy tips,elizabeth1309,"Jicarilla Rd, Apple Valley, CA, US",Flowering,Yes
108672885,https://www.inaturalist.org/observations/108672885,2022-03-15,research,Layia platyglossa,tidy tips,bumblebeetle,"San Luis Obispo County, CA, USA",Flowering,Yes
108669294,https://www.inaturalist.org/observations/108669294,2022-03-15,research,Layia platyglossa,tidy tips,wild_flower_woman,"Reservoir Canyon Rd, San Luis Obispo, CA, US",Flowering,Yes
108627015,https://www.inaturalist.org/observations/108627015,2022-03-14,research,Layia platyglossa,tidy tips,asimow,"Garfield Ave, South Pasadena, CA, US",Flowering,Yes
108491159,https://www.inaturalist.org/observations/108491159,2022-03-12,research,Layia platyglossa,tidy tips,jasonjourneyman,"N Benton Way, Los Angeles, CA, US",Flowering,Yes
108461793,https://www.inaturalist.org/observations/108461793,2022-03-12,research,Layia platyglossa,tidy tips,mhrains,"San Diego, CA, USA",Flowering,Yes
108399753,https://www.inaturalist.org/observations/108399753,2022-03-07,research,Layia platyglossa,tidy tips,abby_garcia_17,"Wildomar, CA, US",Flowering,Yes
108382887,https://www.inaturalist.org/observations/108382887,2022-03-11,research,Layia platyglossa,tidy tips,darrensmith,"Torrey Pines State Natural Reserve, San Diego, CA, US",Flowering,Yes
108382740,https://www.inaturalist.org/observations/108382740,2022-03-05,research,Layia platyglossa,tidy tips,s_thomas,"Los Angeles County, CA, USA",Flowering,Yes
108370484,https://www.inaturalist.org/observations/108370484,2022-03-08,research,Layia platyglossa,tidy tips,bill153,"San Diego County, CA, USA",Flowering,Yes
108288257,https://www.inaturalist.org/observations/108288257,2022-03-06,research,Layia platyglossa,tidy tips,ewatterud,"Shell Creek Rd, Santa Margarita, CA, US",Flowering,Yes
108201123,https://www.inaturalist.org/observations/108201123,2022-03-08,research,Layia platyglossa,tidy tips,jimlight,"Esplanade, Redondo Beach, CA, US",Flowering,Yes
108160696,https://www.inaturalist.org/observations/108160696,2022-03-03,research,Layia platyglossa,tidy tips,quercusboletus,"Calle Real, Goleta, CA, US",Flowering,Yes
108156132,https://www.inaturalist.org/observations/108156132,2022-03-07,research,Layia platyglossa,tidy tips,mmchale,"Coldwater Canyon Park, Los Angeles, CA, US",Flowering,Yes
108118956,https://www.inaturalist.org/observations/108118956,2022-03-07,research,Layia platyglossa,tidy tips,beverly33,"Reservoir Canyon Open Space, San Luis Obispo, CA, US",Flowering,Yes
108116790,https://www.inaturalist.org/observations/108116790,2022-03-03,research,Layia platyglossa,tidy tips,nataliequeally,"Lompoc, CA, US",Flowering,Yes
108085489,https://www.inaturalist.org/observations/108085489,2022-03-06,research,Layia platyglossa,tidy tips,cwin50,"Reservoir Canyon Open Space, San Luis Obispo, CA, US",Flowering,Yes
107985151,https://www.inaturalist.org/observations/107985151,2022-03-05,research,Layia platyglossa,tidy tips,maddiesmit,"Shell Creek Rd, Santa Margarita, CA, US",Flowering,Yes
107980144,https://www.inaturalist.org/observations/107980144,2022-02-27,research,Layia platyglossa,tidy tips,sheriff_woody_pct,"Los Angeles, California, United States",Flowering,Yes
107913315,https://www.inaturalist.org/observations/107913315,2022-02-23,research,Layia platyglossa,tidy tips,sheriff_woody_pct,"San Luis Obispo, California, United States",Flowering,Yes
107851323,https://www.inaturalist.org/observations/107851323,2022-03-03,research,Layia platyglossa,tidy tips,wjfor,"Ventura County, CA, USA",Flowering,Yes
107831483,https://www.inaturalist.org/observations/107831483,2022-03-03,research,Layia platyglossa,tidy tips,heatherliz,"Feliz Dr, Oak View, CA, US",Flowering,Yes
107777440,https://www.inaturalist.org/observations/107777440,2022-03-02,research,Layia platyglossa,tidy tips,olivand1,Santiago Oaks Regional Park,Flowering,Yes
107777122,https://www.inaturalist.org/observations/107777122,2022-03-02,research,Layia platyglossa,tidy tips,neacer,"Aliso and Wood Canyons Wilderness Park, Aliso Viejo, CA, US",Flowering,Yes
107712135,https://www.inaturalist.org/observations/107712135,2022-03-01,research,Layia platyglossa,tidy tips,carolynhope,"Marvin Braude Bike Path, Redondo Beach, CA, US",Flowering,Yes
107680929,https://www.inaturalist.org/observations/107680929,2022-02-27,research,Layia platyglossa,tidy tips,quercusboletus,"Santa Catalina Island, CA, US",Flowering,Yes
107668220,https://www.inaturalist.org/observations/107668220,2022-02-28,research,Layia platyglossa,tidy tips,pleistocene,"Burson Ranch Rd, Fillmore, CA, US",Flowering,Yes
107599905,https://www.inaturalist.org/observations/107599905,2022-02-27,research,Layia platyglossa,tidy tips,kanglan,"San Clemente Island Underwater Range, CA, US",Flowering,Yes
107598726,https://www.inaturalist.org/observations/107598726,2022-02-27,research,Layia platyglossa,tidy tips,socks_and_sandals,"Los Angeles County, CA, USA",Flowering,Yes
107596991,https://www.inaturalist.org/observations/107596991,2022-02-27,research,Layia platyglossa,tidy tips,vireolanius,"San Clemente Island Underwater Range, CA, US",Flowering,Yes
107412679,https://www.inaturalist.org/observations/107412679,2022-02-24,research,Layia platyglossa,tidy tips,sheila64,"Reservoir Canyon Rd, San Luis Obispo, CA, US",Flowering,Yes
107214510,https://www.inaturalist.org/observations/107214510,2022-02-20,research,Layia platyglossa,tidy tips,shrike2,"San Clemente Island Underwater Range, CA, US",Flowering,Yes
106927550,https://www.inaturalist.org/observations/106927550,2022-02-17,research,Layia platyglossa,tidy tips,jimlight,"Esplanade, Redondo Beach, CA, US",Flowering,Yes
106863483,https://www.inaturalist.org/observations/106863483,2022-02-14,research,Layia platyglossa,tidy tips,ingorenner,"Torrey Pines State Natural Reserve, San Diego, CA, US",Flowering,Yes
106843774,https://www.inaturalist.org/observations/106843774,2022-02-15,research,Layia platyglossa,tidy tips,biancabonilla,"Marine Corps Base Camp Pendleton, Fallbrook, CA, US",Flowering,Yes
106801849,https://www.inaturalist.org/observations/106801849,2022-02-14,research,Layia platyglossa,tidy tips,delbosque,"Anza-Borrego Desert State Park, Descanso, CA, US",Flowering,Yes
106750728,https://www.inaturalist.org/observations/106750728,2022-02-11,research,Layia platyglossa,tidy tips,madge,"Torrey Pines State Natural Reserve, San Diego, CA, US",Flowering,Yes
106394142,https://www.inaturalist.org/observations/106394142,2022-02-08,research,Layia platyglossa,tidy tips,erinfrog,"Santa Barbara, CA 93110, USA",No Evidence of Flowering,No
100281313,https://www.inaturalist.org/observations/100281313,2021-11-04,research,Layia platyglossa,tidy tips,delbosque,"Anza-Borrego Desert State Park, Descanso, CA, US",Flowering,Yes
85838879,https://www.inaturalist.org/observations/85838879,2021-06-30,research,Layia platyglossa,tidy tips,pileated,"Lompoc, CA 93436, USA",Flowering,Yes
83436481,https://www.inaturalist.org/observations/83436481,2021-04-02,research,Layia platyglossa,tidy tips,chloecarmela,"Vista Del Rio Dr, Valencia, CA, US",Flowering,Yes
82580007,https://www.inaturalist.org/observations/82580007,2021-04-16,research,Layia platyglossa,tidy tips,radflicka,"Cleveland National Forest, Ramona, CA, US",Flowering,Yes
81954374,https://www.inaturalist.org/observations/81954374,2021-06-01,research,Layia platyglossa,tidy tips,alanking,"Cuyamaca Rancho State Park, San Diego, California, United States",Flowering,Yes
81918587,https://www.inaturalist.org/observations/81918587,2021-05-27,research,Layia platyglossa,tidy tips,spifferella,"Sunrise Hwy, Julian, CA, US",Flowering,Yes
81915117,https://www.inaturalist.org/observations/81915117,2021-06-06,research,Layia platyglossa,tidy tips,karenakosco,"Friends Of The Fiscalini Ranch Preserve, Cambria, CA, US",Flowering,Yes
81424301,https://www.inaturalist.org/observations/81424301,2021-06-02,research,Layia platyglossa,tidy tips,aarenas,"E Colorado St, Long Beach, CA, US",Flowering,Yes
81244234,https://www.inaturalist.org/observations/81244234,2021-06-01,research,Layia platyglossa,tidy tips,hikingsandiego,"San Diego County, CA, USA",Flowering,Yes
81244233,https://www.inaturalist.org/observations/81244233,2021-06-01,research,Layia platyglossa,tidy tips,hikingsandiego,"San Diego County, CA, USA",Flowering,Yes
81244230,https://www.inaturalist.org/observations/81244230,2021-06-01,research,Layia platyglossa,tidy tips,hikingsandiego,"San Diego County, CA, USA",Flowering,Yes
81244229,https://www.inaturalist.org/observations/81244229,2021-06-01,research,Layia platyglossa,tidy tips,hikingsandiego,"San Diego County, CA, USA",Flowering,Yes
80822231,https://www.inaturalist.org/observations/80822231,2021-05-29,research,Layia platyglossa,tidy tips,sierrawildflower,"Oak Glen Rd, Yucaipa, CA, US",Flowering,Yes
80449950,https://www.inaturalist.org/observations/80449950,2021-05-24,research,Layia platyglossa,tidy tips,tchester,"San Diego County, CA, USA",Flowering,Yes
80186119,https://www.inaturalist.org/observations/80186119,2021-05-23,research,Layia platyglossa,tidy tips,mhrains,"San Diego County, CA, USA",Flowering,Yes
80048910,https://www.inaturalist.org/observations/80048910,2021-05-23,research,Layia platyglossa,tidy tips,zrrrk,"Cleveland National Forest, Descanso, CA, US",Flowering,Yes
80043142,https://www.inaturalist.org/observations/80043142,2021-05-23,research,Layia platyglossa,tidy tips,palomarbeth,"Cleveland National Forest, Ramona, CA, US",Flowering,Yes
79859156,https://www.inaturalist.org/observations/79859156,2021-05-22,research,Layia platyglossa,tidy tips,christianitadaytobing,Oak Glen Preserve,Flowering,Yes
79608680,https://www.inaturalist.org/observations/79608680,2021-05-20,research,Layia platyglossa,tidy tips,larryhendrickson,"Cuyamaca Rancho State Park, Descanso, CA, US",Flowering,Yes
79547743,https://www.inaturalist.org/observations/79547743,2021-05-06,research,Layia platyglossa,tidy tips,kingsgate,"San Diego County, CA, USA",Flowering,Yes
79245234,https://www.inaturalist.org/observations/79245234,2021-05-17,research,Layia platyglossa,tidy tips,hollag,Silverado,Flowering,Yes
79244218,https://www.inaturalist.org/observations/79244218,2021-05-16,research,Layia platyglossa,tidy tips,spifferella,"Cleveland National Forest, Ramona, CA, US",Flowering,Yes
79240765,https://www.inaturalist.org/observations/79240765,2021-05-17,research,Layia platyglossa,tidy tips,matt_g,"Santa Barbara County, CA, USA",Flowering,Yes
79209448,https://www.inaturalist.org/observations/79209448,2021-05-17,research,Layia platyglossa,tidy tips,proullard,"San Diego County, CA, USA",Flowering,Yes
79121275,https://www.inaturalist.org/observations/79121275,2021-05-16,research,Layia platyglossa,tidy tips,matt_g,"Santa Barbara County, CA, USA",Flowering,Yes
79121097,https://www.inaturalist.org/observations/79121097,2021-05-16,research,Layia platyglossa,tidy tips,matt_g,"Santa Barbara County, CA, USA",Flowering,Yes
79078263,https://www.inaturalist.org/observations/79078263,2021-05-16,research,Layia platyglossa,tidy tips,cindyd923,"Friends Of The Fiscalini Ranch Preserve, Cambria, CA, US",Flowering,Yes
78969120,https://www.inaturalist.org/observations/78969120,2021-05-14,research,Layia platyglossa,tidy tips,smfang,"Cleveland National Forest, Descanso, CA, US",Flowering,Yes
78917244,https://www.inaturalist.org/observations/78917244,2021-05-14,research,Layia platyglossa,tidy tips,sstivee,"Cleveland National Forest, Descanso, CA, US",Flowering,Yes
78906837,https://www.inaturalist.org/observations/78906837,2021-05-15,research,Layia platyglossa,tidy tips,sunsprouted,"Oak Glen Rd, Yucaipa, CA, US",Flowering,Yes
78906268,https://www.inaturalist.org/observations/78906268,2021-05-14,research,Layia platyglossa,tidy tips,jimirob1,"San Diego County, CA, USA",Flowering,Yes
78716350,https://www.inaturalist.org/observations/78716350,2021-05-12,research,Layia platyglossa,tidy tips,pavelbykau,"Cuyamaca Rancho State Park, Descanso, CA, US",Flowering,Yes
78713266,https://www.inaturalist.org/observations/78713266,2021-05-13,research,Layia platyglossa,tidy tips,dhkaplan,"San Diego County, CA, USA",Flowering,Yes
78407966,https://www.inaturalist.org/observations/78407966,2021-05-11,research,Layia platyglossa,tidy tips,elizevz,"Oak Glen Rd, Yucaipa, CA, US",Flowering,Yes
78354390,https://www.inaturalist.org/observations/78354390,2021-04-21,research,Layia platyglossa,tidy tips,gilbertj,"San Luis Obispo County, CA, USA",Flowering,Yes
78181522,https://www.inaturalist.org/observations/78181522,2021-05-09,research,Layia platyglossa,tidy tips,mhrains,"San Diego County, CA, USA",Flowering,Yes
78179102,https://www.inaturalist.org/observations/78179102,2021-05-02,research,Layia platyglossa,tidy tips,michellepicca,Big Laguna Lake,Flowering,Yes
77990927,https://www.inaturalist.org/observations/77990927,2021-05-08,research,Layia platyglossa,tidy tips,jonesie29,"Cuyamaca Rancho State Park, Descanso, CA, US",Flowering,Yes
77822218,https://www.inaturalist.org/observations/77822218,2021-05-05,research,Layia platyglossa,tidy tips,bethbruton,"San Diego County, CA, USA",Flowering,Yes
77669745,https://www.inaturalist.org/observations/77669745,2021-05-01,research,Layia platyglossa,tidy tips,cwbarrows,"San Bernardino National Forest, Riverside, California, United States",Flowering,Yes
77629245,https://www.inaturalist.org/observations/77629245,2021-05-03,research,Layia platyglossa,tidy tips,shiho,"Los Angeles County, CA, USA",Flowering,Yes
77559813,https://www.inaturalist.org/observations/77559813,2021-05-05,research,Layia platyglossa,tidy tips,delbosque,"Sunrise Hwy, Descanso, CA, US",Flowering,Yes
77413189,https://www.inaturalist.org/observations/77413189,2021-05-02,research,Layia platyglossa,tidy tips,chemartin,"San Bernardino National Forest, Anza, CA, US",Flowering,Yes
77400797,https://www.inaturalist.org/observations/77400797,2021-05-04,research,Layia platyglossa,tidy tips,delbosque,"Sunrise Hwy, Julian, CA, US",Flowering,Yes
77399615,https://www.inaturalist.org/observations/77399615,2021-05-04,research,Layia platyglossa,tidy tips,hikingsandiego,"San Diego County, CA, USA",Flowering,Yes
77369607,https://www.inaturalist.org/observations/77369607,2021-05-04,research,Layia platyglossa,tidy tips,drumandream,"Friends Of The Fiscalini Ranch Preserve, Cambria, CA, US",Flowering,Yes
77351545,https://www.inaturalist.org/observations/77351545,2021-05-03,research,Layia platyglossa,tidy tips,smfang,"Cleveland National Forest, Alpine, CA, US",Flowering,Yes
77341718,https://www.inaturalist.org/observations/77341718,2021-05-03,research,Layia platyglossa,tidy tips,fkramer,"Mission Trails Regional Park, San Diego, CA, USA",Flowering,Yes
77248566,https://www.inaturalist.org/observations/77248566,2021-05-03,research,Layia platyglossa,tidy tips,smfang,"Cleveland National Forest, Alpine, CA, US",Flowering,Yes
77213108,https://www.inaturalist.org/observations/77213108,2021-05-03,research,Layia platyglossa,tidy tips,sphuemmer,"Cuyamaca Rancho State Park, Descanso, CA, US",Flowering,Yes
77203414,https://www.inaturalist.org/observations/77203414,2021-05-02,research,Layia platyglossa,tidy tips,arboretum_amy,"32.91620629060566, -116.57128587177804",Flowering,Yes
77117876,https://www.inaturalist.org/observations/77117876,2021-05-03,research,Layia platyglossa,tidy tips,sue_meiman,"San Diego County, CA, USA",Flowering,Yes
77086467,https://www.inaturalist.org/observations/77086467,2021-05-03,research,Layia platyglossa,tidy tips,amyhuie,"Cleveland National Forest, Jamul, CA, US",Flowering,Yes
77016208,https://www.inaturalist.org/observations/77016208,2021-05-02,research,Layia platyglossa,tidy tips,madily,"Cleveland National Forest, Alpine, CA, US",Flowering,Yes
76783860,https://www.inaturalist.org/observations/76783860,2021-05-02,research,Layia platyglossa,tidy tips,mykelsage,"San Pasqual Valley, San Diego, CA, USA",Flowering,Yes
76721795,https://www.inaturalist.org/observations/76721795,2021-05-02,research,Layia platyglossa,tidy tips,meeko2,"Peck Road Water Conservation Park, Arcadia, CA, US",Flowering,Yes
76570072,https://www.inaturalist.org/observations/76570072,2021-05-02,research,Layia platyglossa,tidy tips,shrike2,"San Clemente Island Underwater Range, CA, US",Flowering,Yes
76553970,https://www.inaturalist.org/observations/76553970,2021-05-01,research,Layia platyglossa,tidy tips,ehavstad,"San Diego County, CA, USA",Flowering,Yes
76406707,https://www.inaturalist.org/observations/76406707,2021-05-01,research,Layia platyglossa,tidy tips,jimvanmatre,"Julian, CA 92036, USA",Flowering,Yes
76304272,https://www.inaturalist.org/observations/76304272,2021-05-01,research,Layia platyglossa,tidy tips,mhrains,"San Diego County, CA, USA",Flowering,Yes
76266359,https://www.inaturalist.org/observations/76266359,2021-04-30,research,Layia platyglossa,tidy tips,dmlawson,"San Diego County, Cleveland National Forest, US-CA, US",Flowering,Yes
76213348,https://www.inaturalist.org/observations/76213348,2021-04-30,research,Layia platyglossa,tidy tips,milliebasden,"Cleveland National Forest, San Diego, CA",Flowering,Yes
76165966,https://www.inaturalist.org/observations/76165966,2021-04-30,research,Layia platyglossa,tidy tips,madily,"Cleveland National Forest, Alpine, CA, US",Flowering,Yes
76018397,https://www.inaturalist.org/observations/76018397,2021-04-30,research,Layia platyglossa,tidy tips,jrebman,"San Diego County, Cleveland National Forest, US-CA, US",Flowering,Yes
75891978,https://www.inaturalist.org/observations/75891978,2021-04-30,research,Layia platyglossa,tidy tips,kevin_jauregui,"Los Angeles County, US-CA, US",Flowering,Yes
75891135,https://www.inaturalist.org/observations/75891135,2021-04-30,research,Layia platyglossa,tidy tips,jalopy,"Pinecrest Park, Mission Viejo, CA, US",Flowering,Yes
75650821,https://www.inaturalist.org/observations/75650821,2021-04-28,research,Layia platyglossa,tidy tips,glorifiedgardener,"Cleveland National Forest, Pine Valley, CA, US",Flowering,Yes
75641799,https://www.inaturalist.org/observations/75641799,2021-04-27,research,Layia platyglossa,tidy tips,smfang,"San Pasqual Valley, San Diego, CA, US",Flowering,Yes
75623673,https://www.inaturalist.org/observations/75623673,2021-04-28,research,Layia platyglossa,tidy tips,kristalwatrous,"Lake Skinner Recreation Area, Temecula, CA, US",Flowering,Yes
75615972,https://www.inaturalist.org/observations/75615972,2021-04-28,research,Layia platyglossa,tidy tips,mavisx,"W Mountain Holly Ave, Orange, CA, US",Flowering,Yes
75605774,https://www.inaturalist.org/observations/75605774,2021-04-27,research,Layia platyglossa,tidy tips,arminadly,"San Luis Obispo County, CA, USA",Flowering,Yes
75593783,https://www.inaturalist.org/observations/75593783,2021-04-27,research,Layia platyglossa,tidy tips,california_naturalist,"San Luis Obispo County, CA, USA",Flowering,Yes
75510334,https://www.inaturalist.org/observations/75510334,2021-04-18,research,Layia platyglossa,tidy tips,kylenessen,"Shell Creek Rd, Santa Margarita, CA, US",Flowering,Yes
75424585,https://www.inaturalist.org/observations/75424585,2021-04-25,research,Layia platyglossa,tidy tips,beetle_mch,"West Redlands, Redlands, CA, USA",Flowering,Yes
75162909,https://www.inaturalist.org/observations/75162909,2021-04-24,research,Layia platyglossa,tidy tips,biohexx1,"Lake Hodges; San Diego, California ",Flowering,Yes
75143742,https://www.inaturalist.org/observations/75143742,2021-04-24,research,Layia platyglossa,tidy tips,finatic,Lake Hodges,Flowering,Yes
74996749,https://www.inaturalist.org/observations/74996749,2021-04-23,research,Layia platyglossa,tidy tips,mhrains,"San Diego County, CA, USA",Flowering,Yes
74966465,https://www.inaturalist.org/observations/74966465,2021-04-23,research,Layia platyglossa,tidy tips,jrebman,"San Diego County, US-CA, US",Flowering,Yes
74890707,https://www.inaturalist.org/observations/74890707,2021-04-21,research,Layia platyglossa,tidy tips,newt77,"Carrizo Plain National Monument, San Luis Obispo, California, United States",Flowering,Yes
74873748,https://www.inaturalist.org/observations/74873748,2021-04-16,research,Layia platyglossa,tidy tips,gilbertj,"San Luis Obispo, California, United States",Flowering,Yes
74868520,https://www.inaturalist.org/observations/74868520,2021-03-27,research,Layia platyglossa,tidy tips,chelsiesd,"Boden Canyon, California 92027, USA",Flowering,Yes
74710075,https://www.inaturalist.org/observations/74710075,2021-04-20,research,Layia platyglossa,tidy tips,hikingsandiego,"San Diego County, US-CA, US",Flowering,Yes
74706204,https://www.inaturalist.org/observations/74706204,2021-04-20,research,Layia platyglossa,tidy tips,delbosque,"Julian, CA, US",Flowering,Yes
74705294,https://www.inaturalist.org/observations/74705294,2021-04-20,research,Layia platyglossa,tidy tips,delbosque,"Julian, CA, US",Flowering,Yes
74689304,https://www.inaturalist.org/observations/74689304,2021-04-20,research,Layia platyglossa,tidy tips,ebergman,"San Miguelito Rd, Lompoc, CA, US",Flowering,Yes
74689254,https://www.inaturalist.org/observations/74689254,2021-04-20,research,Layia platyglossa,tidy tips,ebergman,"San Miguelito Rd, Lompoc, CA, US",Flowering,Yes
74683617,https://www.inaturalist.org/observations/74683617,2021-04-20,research,Layia platyglossa,tidy tips,shrike2,"San Clemente Island Underwater Range, CA, US",Flowering,Yes
74675750,https://www.inaturalist.org/observations/74675750,2021-04-20,research,Layia platyglossa,tidy tips,sue_meiman,"Los Angeles County, CA, USA",Flowering,Yes
74667048,https://www.inaturalist.org/observations/74667048,2021-04-10,research,Layia platyglossa,tidy tips,gilbertj,"San Luis Obispo, California, United States",Flowering,Yes
74662904,https://www.inaturalist.org/observations/74662904,2021-04-20,research,Layia platyglossa,tidy tips,amandagersoff,"San Luis Obispo, CA, US",Flowering,Yes
74656702,https://www.inaturalist.org/observations/74656702,2021-04-20,research,Layia platyglossa,tidy tips,runforcandy,"San Luis Obispo, CA, US",Flowering,Yes
74600744,https://www.inaturalist.org/observations/74600744,2021-04-19,research,Layia platyglossa,tidy tips,delbosque,"Sunrise Hwy, Julian, CA, US",Flowering,Yes
74540377,https://www.inaturalist.org/observations/74540377,2021-04-19,research,Layia platyglossa,tidy tips,thomastran,"Labrusca, Mission Viejo, CA, US",Flowering,Yes
74532292,https://www.inaturalist.org/observations/74532292,2021-04-19,research,Layia platyglossa,tidy tips,glorifiedgardener,"Cleveland National Forest, Alpine, CA, US",Flowering,Yes
74474447,https://www.inaturalist.org/observations/74474447,2021-04-18,research,Layia platyglossa,tidy tips,delbosque,"Sunrise Hwy, Julian, CA, US",Flowering,Yes
74459763,https://www.inaturalist.org/observations/74459763,2021-04-16,research,Layia platyglossa,tidy tips,amandagersoff,"Santa Margarita, CA, US",Flowering,Yes
74418895,https://www.inaturalist.org/observations/74418895,2021-03-20,research,Layia platyglossa,tidy tips,aljamcdo,"SANTA MARGAR, CA 93453, USA",Flowering,Yes
74390972,https://www.inaturalist.org/observations/74390972,2021-04-18,research,Layia platyglossa,tidy tips,ameliaolson,"Lompoc, CA 93436, USA",Flowering,Yes
74376614,https://www.inaturalist.org/observations/74376614,2021-04-15,research,Layia platyglossa,tidy tips,ekrimmel,"San Luis Obispo County, US-CA, US",Flowering,Yes
74369359,https://www.inaturalist.org/observations/74369359,2021-04-16,research,Layia platyglossa,tidy tips,lg_meanders,"San Luis Obispo, California, United States",Flowering,Yes
74341725,https://www.inaturalist.org/observations/74341725,2021-04-14,research,Layia platyglossa,tidy tips,silversea_starsong,"Orange, California, United States",Flowering,Yes
74317132,https://www.inaturalist.org/observations/74317132,2021-04-14,research,Layia platyglossa,tidy tips,lg_meanders,"Carrizo Plain National Monument, San Luis Obispo, California, United States",Flowering,Yes
74217065,https://www.inaturalist.org/observations/74217065,2021-04-16,research,Layia platyglossa,tidy tips,manidae,"Hemet, CA, US",Flowering,Yes
74213349,https://www.inaturalist.org/observations/74213349,2021-04-15,research,Layia platyglossa,tidy tips,faerthen,"San Luis Obispo County, US-CA, US",Flowering,Yes
74196954,https://www.inaturalist.org/observations/74196954,2021-04-12,research,Layia platyglossa,tidy tips,yetikat,"Los Angeles, California, United States",Flowering,Yes
74196778,https://www.inaturalist.org/observations/74196778,2021-04-16,research,Layia platyglossa,tidy tips,mark_b_os,"Mission Trails Regional Park, San Diego, CA, US",Flowering,Yes
74173239,https://www.inaturalist.org/observations/74173239,2021-04-16,research,Layia platyglossa,tidy tips,wynolafarmer58,"Julian, CA, US",Flowering,Yes
74167475,https://www.inaturalist.org/observations/74167475,2021-04-16,research,Layia platyglossa,tidy tips,markkjames,"Mission Trails Regional Park, San Diego, CA, US",Flowering,Yes
74100110,https://www.inaturalist.org/observations/74100110,2021-04-15,research,Layia platyglossa,tidy tips,faerthen,"Shell Creek Rd, Santa Margarita, CA, US",Flowering,Yes
74016009,https://www.inaturalist.org/observations/74016009,2021-04-14,research,Layia platyglossa,tidy tips,runforcandy,"San Luis Obispo, CA, US",Flowering,Yes
74015949,https://www.inaturalist.org/observations/74015949,2021-04-14,research,Layia platyglossa,tidy tips,neontetraploid,"5401 Peck Rd, Arcadia, CA 91006, USA",Flowering,Yes
73979855,https://www.inaturalist.org/observations/73979855,2021-04-14,research,Layia platyglossa,tidy tips,juliazumalt,"San Luis Obispo, CA, US",Flowering,Yes
73975940,https://www.inaturalist.org/observations/73975940,2021-04-14,research,Layia platyglossa,tidy tips,fraskar,"Lake Poway, Poway, CA, US",Flowering,Yes
73906181,https://www.inaturalist.org/observations/73906181,2021-04-10,research,Layia platyglossa,tidy tips,themerekat,"SANTA MARGAR, CA 93453, USA",Flowering,Yes
73828627,https://www.inaturalist.org/observations/73828627,2021-04-11,research,Layia platyglossa,tidy tips,smfang,"Green Valley Truck Trail, Poway, CA, US",Flowering,Yes
73816446,https://www.inaturalist.org/observations/73816446,2021-04-12,research,Layia platyglossa,tidy tips,georgewilliams1,"Santa Barbara County, CA, USA",Flowering,Yes
73813507,https://www.inaturalist.org/observations/73813507,2021-04-12,research,Layia platyglossa,tidy tips,phytographer,"Castaic, CA 91384, USA",Flowering,Yes
73797902,https://www.inaturalist.org/observations/73797902,2021-04-11,research,Layia platyglossa,tidy tips,derekstakelum,"Ramona, CA 92065, USA",Flowering,Yes
73749811,https://www.inaturalist.org/observations/73749811,2021-04-11,research,Layia platyglossa,tidy tips,nikki36,"Grandview Ave, Glendale, CA, US",Flowering,Yes
73712041,https://www.inaturalist.org/observations/73712041,2021-04-11,research,Layia platyglossa,tidy tips,madily,"Olivenhain, Encinitas, CA, US",Flowering,Yes
73697928,https://www.inaturalist.org/observations/73697928,2021-04-01,research,Layia platyglossa,tidy tips,mossgeek,"March Air Reserve Base, CA, USA",Flowering,Yes
73696412,https://www.inaturalist.org/observations/73696412,2021-04-10,research,Layia platyglossa,tidy tips,mountainharmony,"Citrus Drive, Fallbrook, CA, US",Flowering,Yes
73623039,https://www.inaturalist.org/observations/73623039,2021-04-11,research,Layia platyglossa,tidy tips,joye,"Yucaipa, CA, US",Flowering,Yes
73553454,https://www.inaturalist.org/observations/73553454,2021-04-10,research,Layia platyglossa,tidy tips,ashrek,"Camatta Creek Rd, Santa Margarita, CA, US",Flowering,Yes
73468256,https://www.inaturalist.org/observations/73468256,2021-04-09,research,Layia platyglossa,tidy tips,itinerantaesthete,"San Luis Obispo, CA, US",Flowering,Yes
73449507,https://www.inaturalist.org/observations/73449507,2021-04-09,research,Layia platyglossa,tidy tips,marcus_goncalves,"Paseo del Norte, San Juan Capistrano, CA, US",Flowering,Yes
73399458,https://www.inaturalist.org/observations/73399458,2021-04-08,research,Layia platyglossa,tidy tips,julieaeilts,"Mission Trails Regional Park, San Diego, CA, US",Flowering,Yes
73361202,https://www.inaturalist.org/observations/73361202,2021-04-02,research,Layia platyglossa,tidy tips,manidae,"Aguanga, CA, US",Flowering,Yes
73356965,https://www.inaturalist.org/observations/73356965,2021-04-08,research,Layia platyglossa,tidy tips,kestrelsparverius,"Carrizo Plain National Monument, San Luis Obispo County, US-CA, US",Flowering,Yes
73345585,https://www.inaturalist.org/observations/73345585,2021-03-24,research,Layia platyglossa,tidy tips,dylanotterpop,"Meiners Oaks, CA 93023, USA",Flowering,Yes
73332090,https://www.inaturalist.org/observations/73332090,2021-04-08,research,Layia platyglossa,tidy tips,ekoberle,"Portola Springs, Irvine, CA, US",Flowering,Yes
73277902,https://www.inaturalist.org/observations/73277902,2021-04-04,research,Layia platyglossa,tidy tips,goth_birder,"Hemet, CA, USA",Flowering,Yes
73276552,https://www.inaturalist.org/observations/73276552,2021-04-07,research,Layia platyglossa,tidy tips,ekoberle,"Portola Springs, Irvine, CA, US",Flowering,Yes
73270943,https://www.inaturalist.org/observations/73270943,2021-04-07,research,Layia platyglossa,tidy tips,jrebman,"San Diego County, US-CA, US",Flowering,Yes
73260298,https://www.inaturalist.org/observations/73260298,2021-04-07,research,Layia platyglossa,tidy tips,obmissy,"Boden Canyon, California 92027, USA",Flowering,Yes
73253164,https://www.inaturalist.org/observations/73253164,2021-04-07,research,Layia platyglossa,tidy tips,castillejajosie,"Channel Islands National Park, Channel Islands, Santa Barbara County, US-CA, US",Flowering,Yes
73185426,https://www.inaturalist.org/observations/73185426,2021-04-05,research,Layia platyglossa,tidy tips,smfang,"Eastern San Diego, Escondido, CA, US",Flowering,Yes
73139896,https://www.inaturalist.org/observations/73139896,2021-04-05,research,Layia platyglossa,tidy tips,susanfawcett,"San Luis Obispo County, US-CA, US",Flowering,Yes
73121024,https://www.inaturalist.org/observations/73121024,2021-04-05,research,Layia platyglossa,tidy tips,graha50258,"Agramonte Dr, Santa Clarita, CA, US",Flowering,Yes
73082221,https://www.inaturalist.org/observations/73082221,2021-04-05,research,Layia platyglossa,tidy tips,bfacendini,"San Luis Obispo County, US-CA, US",Flowering,Yes
73080714,https://www.inaturalist.org/observations/73080714,2021-04-03,research,Layia platyglossa,tidy tips,aaron_echols,"Aliso Canyon Rd, New Cuyama, CA, US",Flowering,Yes
73062700,https://www.inaturalist.org/observations/73062700,2021-04-05,research,Layia platyglossa,tidy tips,manidae,"Clinton Keith Rd, Murrieta, CA, US",Flowering,Yes
73061122,https://www.inaturalist.org/observations/73061122,2021-04-02,research,Layia platyglossa,tidy tips,naturephotosuze,"San Luis Obispo County, CA, USA",Flowering,Yes
73024500,https://www.inaturalist.org/observations/73024500,2021-04-04,research,Layia platyglossa,tidy tips,rdwoodruff,"Reche Canyon, Grand Terrace, CA, US",Flowering,Yes
73012662,https://www.inaturalist.org/observations/73012662,2021-04-04,research,Layia platyglossa,tidy tips,packardr90,"Perris, CA, USA",Flowering,Yes
72987133,https://www.inaturalist.org/observations/72987133,2021-04-04,research,Layia platyglossa,tidy tips,naturesdawn,"Los Padres National Forest, San Luis Obispo, CA, US",Flowering,Yes
72907882,https://www.inaturalist.org/observations/72907882,2021-04-04,research,Layia platyglossa,tidy tips,calochortus_kween,"Cavalier St, Los Angeles, CA, US",Flowering,Yes
72901797,https://www.inaturalist.org/observations/72901797,2021-03-31,research,Layia platyglossa,tidy tips,greasewoood,"Carrizo Plain National Monument, Santa Margarita, CA, US",Flowering,Yes
72866544,https://www.inaturalist.org/observations/72866544,2021-04-03,research,Layia platyglossa,tidy tips,paulexcoff,"San Luis Obispo, California, United States",Flowering,Yes
72854039,https://www.inaturalist.org/observations/72854039,2021-04-03,research,Layia platyglossa,tidy tips,mariesa_k,"Huntington Dr, South Pasadena, CA, US",Flowering,Yes
72801856,https://www.inaturalist.org/observations/72801856,2021-04-03,research,Layia platyglossa,tidy tips,ebergman,"Mission Trails Regional Park, San Diego, CA, US",Flowering,Yes
72793304,https://www.inaturalist.org/observations/72793304,2021-04-03,research,Layia platyglossa,tidy tips,shannonrankin,"Mission Trails Regional Park, San Diego, CA, US",Flowering,Yes
72576537,https://www.inaturalist.org/observations/72576537,2021-03-31,research,Layia platyglossa,tidy tips,marcus_goncalves,"Paseo del Norte, San Juan Capistrano, CA, US",No Evidence of Flowering,No
72572657,https://www.inaturalist.org/observations/72572657,2021-03-28,research,Layia platyglossa,tidy tips,dmontijo,"Carrizo Plain National Monument, Santa Margarita, CA, US",Flowering,Yes
72572148,https://www.inaturalist.org/observations/72572148,2021-03-28,research,Layia platyglossa,tidy tips,dmontijo,"Carrizo Plain National Monument, Santa Margarita, CA, US",Flowering,Yes
72571384,https://www.inaturalist.org/observations/72571384,2021-03-27,research,Layia platyglossa,tidy tips,dmontijo,"Carrizo Plain National Monument, Santa Margarita, CA, US",Flowering,Yes
72444517,https://www.inaturalist.org/observations/72444517,2021-03-30,research,Layia platyglossa,tidy tips,arielthemermaidlion,"Kearny Villa Rd, San Diego, CA, US",Flowering,Yes
72418080,https://www.inaturalist.org/observations/72418080,2021-03-24,research,Layia platyglossa,tidy tips,devilsacmispon,"Teakwood Ave, La Habra, CA, US",Flowering,Yes
72413322,https://www.inaturalist.org/observations/72413322,2021-03-29,research,Layia platyglossa,tidy tips,samuel196,"California, US",Flowering,Yes
72400568,https://www.inaturalist.org/observations/72400568,2021-03-29,research,Layia platyglossa,tidy tips,nanascientist,"SANTA MARGAR, CA 93453, USA",Flowering,Yes
72239977,https://www.inaturalist.org/observations/72239977,2021-03-27,research,Layia platyglossa,tidy tips,zacpfeifer,"Aliso Canyon Rd, New Cuyama, CA, US",Flowering,Yes
72207201,https://www.inaturalist.org/observations/72207201,2021-03-27,research,Layia platyglossa,tidy tips,tlm87,"Carrizo Plain National Monument, San Luis Obispo County, US-CA, US",Flowering,Yes
72201990,https://www.inaturalist.org/observations/72201990,2021-03-27,research,Layia platyglossa,tidy tips,jls-naturesightings,"Sky Dr, Santa Ynez, CA, US",Flowering,Yes
72196676,https://www.inaturalist.org/observations/72196676,2021-03-27,research,Layia platyglossa,tidy tips,tlm87,"Carrizo Plain National Monument, San Luis Obispo County, US-CA, US",Flowering,Yes
72140330,https://www.inaturalist.org/observations/72140330,2021-03-26,research,Layia platyglossa,tidy tips,axle,"Orcutt, CA 93455, USA",Flowering,Yes
72046900,https://www.inaturalist.org/observations/72046900,2021-03-25,research,Layia platyglossa,tidy tips,euripus,"Campbell Ranch Rd, Temescal, CA, US",Flowering,Yes
72003166,https://www.inaturalist.org/observations/72003166,2021-03-24,research,Layia platyglossa,tidy tips,phytographer,"Rockwell Canyon Rd & Summit Pl, Santa Clarita, CA 91355, USA",Flowering,Yes
71996399,https://www.inaturalist.org/observations/71996399,2021-03-24,research,Layia platyglossa,tidy tips,scfeltman,"San Julian Rd, Lompoc, CA, US",Flowering,Yes
71984531,https://www.inaturalist.org/observations/71984531,2021-03-23,research,Layia platyglossa,tidy tips,sunn01,"E Woodbury Rd, Pasadena, CA, US",Flowering,Yes
71948753,https://www.inaturalist.org/observations/71948753,2021-03-22,research,Layia platyglossa,tidy tips,lg_meanders,"Carrizo Plain National Monument, San Luis Obispo, California, United States",Flowering,Yes
71928346,https://www.inaturalist.org/observations/71928346,2021-03-21,research,Layia platyglossa,tidy tips,lg_meanders,"Carrizo Plain National Monument, San Luis Obispo, California, United States",Flowering,Yes
71846753,https://www.inaturalist.org/observations/71846753,2021-03-22,research,Layia platyglossa,tidy tips,shaunkarpow,"Hill and Canyon Area, Orange, CA, US",Flowering,Yes
71777318,https://www.inaturalist.org/observations/71777318,2021-03-21,research,Layia platyglossa,tidy tips,heatherliz,"Ojai, CA, US",Flowering,Yes
71751765,https://www.inaturalist.org/observations/71751765,2021-03-21,research,Layia platyglossa,tidy tips,jdascalos,"Santa Margarita, CA, US",Flowering,Yes
71530099,https://www.inaturalist.org/observations/71530099,2021-03-18,research,Layia platyglossa,tidy tips,mayradiaz,"Ojai, CA 93023, USA",Flowering,Yes
71322779,https://www.inaturalist.org/observations/71322779,2021-03-01,research,Layia platyglossa,tidy tips,mjoc12,"Cambria, CA, USA",Flowering,Yes
71091866,https://www.inaturalist.org/observations/71091866,2021-03-12,research,Layia platyglossa,tidy tips,wsweet321,"Park Ave, Long Beach, CA, US",Flowering,Yes
70847524,https://www.inaturalist.org/observations/70847524,2021-03-08,research,Layia platyglossa,tidy tips,dkoops22,"Valley Christian High School, Cerritos, CA, US",Flowering,Yes
70791121,https://www.inaturalist.org/observations/70791121,2021-03-07,research,Layia platyglossa,tidy tips,kristalwatrous,"Santiago Oaks Regional Park, Orange, CA, US",Flowering,Yes
70626792,https://www.inaturalist.org/observations/70626792,2021-03-05,research,Layia platyglossa,tidy tips,wsweet321,"Long Beach, CA, USA",Flowering,Yes
70508473,https://www.inaturalist.org/observations/70508473,2021-03-03,research,Layia platyglossa,tidy tips,haloonebillion,"North Atwater Park, Los Angeles, CA, US",Flowering,Yes
